region,common_domain,total_count
Europe,europa.eu,184
Europe,reuters.com,97
Europe,euronews.com,87
Europe,apnews.com,70
Europe,amnesty*,61
Europe,hrw.org,59
Europe,coe.int,58
Europe,dw.com,47
Europe,wikipedia*,39
Europe,theguardian.com,31
Europe,gob.es,22
Europe,government.nl,21
Europe,gouv.fr,20
Europe,lemonde.fr,18
Europe,boe.es,18
Europe,unhcr.org,16
Europe,rsf.org,16
Europe,loc.gov,13
Europe,elysee.fr,11
Europe,eppgroup.eu,10
Europe,aa.com.tr,10
Europe,un.org,10
Europe,ansa.it,10
Europe,esteri.it,9
Europe,conseil-etat.fr,9
Europe,gov.pl,9
Europe,ecoi.net,9
Europe,ft.com,8
Europe,err.ee,8
Europe,brusselssignal.eu,8
Europe,freedomhouse.org,7
Europe,abouthungary.hu,7
Europe,valitsus.ee,7
Europe,thepinknews.com,6
Europe,kormany.hu,6
Europe,nato.int,6
Europe,vie-publique.fr,5
Europe,defensordelpueblo.es,5
Europe,rechtspraak.nl,5
Europe,pap.pl,5
Europe,osce.org,5
Europe,diplo.de,5
Europe,bundestag.de,5
Europe,welt.de,5
Europe,tbsnews.net,5
Europe,politico.eu,5
Europe,icab.es,4
Europe,nltimes.nl,4
Europe,elpais.com,4
Europe,aljazeera.com,4
Europe,pappers.fr,4
Europe,statewatch.org,4
Europe,gov.it,4
Europe,gov.hu,4
Europe,tass.com,4
Europe,asylumlawdatabase.eu,4
Europe,sputnikglobe.com,3
Europe,wipo.int,3
Europe,anews.com.tr,3
Europe,gazzettaufficiale.it,3
Europe,ecre.org,3
Europe,prakkendoliveira.nl,3
Europe,presstv.ir,3
Europe,lcp.fr,3
Europe,epp.eu,3
Europe,auswaertiges-amt.de,3
Europe,thenationalnews.com,3
Europe,budapesttimes.hu,3
Europe,icj-cij.org,3
Europe,minoritymonitor.eu,3
Europe,refworld.org,3
Europe,polanddaily24.com,3
Europe,euinsider.eu,3
Europe,publikationen-bundesregierung.de,3
Europe,constituteproject.org,3
Europe,org.cy,3
Europe,houseofrepresentatives.nl,3
Europe,wsws.org,3
Europe,gov.ua,3
Europe,bafa.de,3
Europe,bund.de,3
Europe,iwp.edu,3
Europe,initiativemarianne.fr,2
Europe,ilo.org,2
Europe,greekreporter.com,2
Europe,hogeraad.nl,2
Europe,xinhuanet.com,2
Europe,timesofisrael.com,2
Europe,jurist.org,2
Europe,reddit.com,2
Europe,theioi.org,2
Europe,sos-humanity.org,2
Europe,senat.fr,2
Europe,rtve.es,2
Europe,rijksoverheid.nl,2
Europe,rferl.org,2
Europe,unognewsroom.org,2
Europe,reneweuropegroup.eu,2
Europe,raadvanstate.nl,2
Europe,washingtonpost.com,2
Europe,notesfrompoland.com,2
Europe,netherlandsandyou.nl,2
Europe,moncloa.com,2
Europe,miniszterelnok.hu,2
Europe,middleeastmonitor.com,2
Europe,manfredweber.eu,2
Europe,livemint.com,2
Europe,vm.ee,2
Europe,naih.hu,2
Europe,xpatloop.com,2
Europe,defenseurdesdroits.fr,2
Europe,almayadeen.net,2
Europe,bundesregierung.de,2
Europe,autoriteitpersoonsgegevens.nl,2
Europe,bild.de,2
Europe,europeantimes.news,2
Europe,euroweeklynews.com,2
Europe,asylumineurope.org,2
Europe,civicus.org,2
Europe,cnbc.com,2
Europe,ewfrf.org,2
Europe,conseil-constitutionnel.fr,2
Europe,ennhri.org,2
Europe,agenparl.eu,2
Europe,francesoir.fr,2
Europe,simonmercieca.com,1
Europe,biometricupdate.com,1
Europe,tagesschau.de,1
Europe,senato.it,1
Europe,shafaq.com,1
Europe,silerenonpossum.com,1
Europe,bmwk.de,1
Europe,sinosz.hu,1
Europe,sistemapenale.it,1
Europe,brusselstimes.com,1
Europe,spainenglish.com,1
Europe,brandenburg.de,1
Europe,spiegel.de,1
Europe,sdp.pl,1
Europe,germanmediatoday.com,1
Europe,ruleoflaw.pl,1
Europe,republicworld.com,1
Europe,proasyl.de,1
Europe,publicsenat.fr,1
Europe,cnil.fr,1
Europe,cncdh.fr,1
Europe,rebelnews.com,1
Europe,citizenlab.ca,1
Europe,cisl.it,1
Europe,cbn.com,1
Europe,businesstoday.in,1
Europe,reutersconnect.com,1
Europe,rev.com,1
Europe,catalannews.com,1
Europe,riigikogu.ee,1
Europe,camera.it,1
Europe,royanews.tv,1
Europe,byarcadia.org,1
Europe,tbnisrael.com,1
Europe,berlin.de,1
Europe,telenuovo.it,1
Europe,vogue.com,1
Europe,article19.org,1
Europe,vanguardngr.com,1
Europe,verfassungsvergleich.de,1
Europe,arendt-art.de,1
Europe,visegradpost.com,1
Europe,vlex.es,1
Europe,anci.it,1
Europe,voiceofvienna.org,1
Europe,utoronto.ca,1
Europe,voltairenet.org,1
Europe,waw.pl,1
Europe,webdo.tn,1
Europe,albaniantimes.al,1
Europe,ajbh.hu,1
Europe,advocatetanmoy.com,1
Europe,actu-juridique.fr,1
Europe,uwidata.com,1
Europe,asil.org,1
Europe,tf1info.fr,1
Europe,theparliamentmagazine.eu,1
Europe,thedailybeast.com,1
Europe,berlinertageblatt.de,1
Europe,com.pk,1
Europe,thelocal.fr,1
Europe,thelocal.it,1
Europe,beol.hu,1
Europe,theolivepress.es,1
Europe,bamf.de,1
Europe,unn.ua,1
Europe,thetimes.com,1
Europe,thewom.it,1
Europe,theworldmonitor.com,1
Europe,torinocronaca.it,1
Europe,tribunalconstitucional.es,1
Europe,assemblee-nationale.fr,1
Europe,universal-rights.org,1
Europe,co.nz,1
Europe,commondreams.org,1
Europe,polskieradio.pl,1
Europe,ilga-europe.org,1
Europe,iltempo.it,1
Europe,index.hu,1
Europe,euronewssource.com,1
Europe,institut-fuer-menschenrechte.de,1
Europe,euromaidanpress.com,1
Europe,irishtimes.com,1
Europe,eureporter.co,1
Europe,iz.ru,1
Europe,eubulletin.com,1
Europe,justiceinitiative.org,1
Europe,keeptalkinggreece.com,1
Europe,kiesraad.nl,1
Europe,kok-gegen-menschenhandel.de,1
Europe,eu.dk,1
Europe,kuria-birosag.hu,1
Europe,latestnewsandupdates.com,1
Europe,efe.com,1
Europe,europeanconservative.com,1
Europe,ilcorrieredelgiorno.it,1
Europe,polizialocale.com,1
Europe,ifj.org,1
Europe,generationequality.org,1
Europe,gbnews.com,1
Europe,garantedisabilita.it,1
Europe,g7italy.it,1
Europe,frnrw.de,1
Europe,government.is,1
Europe,government.se,1
Europe,fidh.org,1
Europe,greens-efa.eu,1
Europe,helsinki.hu,1
Europe,hfhr.pl,1
Europe,eurotoday.org,1
Europe,humanium.org,1
Europe,hungarianconservative.com,1
Europe,hungarytoday.hu,1
Europe,europeaninterest.eu,1
Europe,icj.org,1
Europe,lexing.law,1
Europe,libyareview.com,1
Europe,lifenews.com,1
Europe,linkedin.com,1
Europe,news24.com,1
Europe,nicematin.com,1
Europe,nos.nl,1
Europe,datenschutz-berlin.de,1
Europe,officielebekendmakingen.nl,1
Europe,oiguskantsler.ee,1
Europe,ordoiuris.pl,1
Europe,oreanda-news.com,1
Europe,dailycaller.com,1
Europe,csactu.fr,1
Europe,pamiragency.com,1
Europe,cornell.edu,1
Europe,pbs.org,1
Europe,pitchfork.com,1
Europe,poderjudicial.es,1
Europe,german-foreign-policy.com,1
Europe,com.ua,1
Europe,news.cn,1
Europe,defensie.nl,1
Europe,ncr-iran.org,1
Europe,meduza.io,1
Europe,liveaction.org,1
Europe,ecrgroup.eu,1
Europe,echrcaselaw.com,1
Europe,magyarnemzet.hu,1
Europe,mandiner.hu,1
Europe,ecchr.eu,1
Europe,mcgillpolicyassociation.com,1
Europe,mensenrechten.nl,1
Europe,destatis.de,1
Europe,metropol.hu,1
Europe,donneierioggiedomani.it,1
Europe,doctorswithoutborders.org,1
Europe,dire.it,1
Europe,miragenews.com,1
Europe,difesa.it,1
Europe,diba.cat,1
Europe,intellinews.com,1
