region,common_domain,cited_as_both_count,trustworthy_count,untrustworthy_count,empty_count,total_count
US,congress.gov,0,87,3,0,90
US,house.gov,0,51,1,0,52
US,senate.gov,0,50,0,0,50
US,reuters.com,0,34,0,0,34
US,washingtonpost.com,0,30,0,0,30
US,aclu.org,0,29,0,0,29
US,nypost.com,0,0,27,0,27
US,wikipedia*,0,1,24,0,25
US,apnews.com,0,25,0,0,25
US,archives.gov,0,19,4,0,23
US,hrw.org,0,22,0,0,22
US,ucsb.edu,0,18,2,0,20
US,axios.com,0,18,1,0,19
US,cbsnews.com,0,18,0,0,18
US,politifact.com,1,13,0,0,14
US,amnesty*,0,14,0,0,14
US,un.org,0,12,0,0,12
US,time.com,0,11,1,0,12
US,justia.com,3,9,0,0,12
US,politico.com,0,8,2,0,10
US,treasury.gov,0,7,2,0,9
US,dhs.gov,0,8,0,0,8
US,ca.gov,0,8,0,0,8
US,pbs.org,0,8,0,0,8
US,justice.gov,0,8,0,0,8
US,thegatewaypundit.com,0,0,8,0,8
US,theguardian.com,0,5,2,0,7
US,uscirf.gov,0,6,0,0,6
US,unhcr.org,0,6,0,0,6
US,cnbc.com,0,6,0,0,6
US,cecc.gov,0,6,0,0,6
US,cnn.com,0,5,0,0,5
US,vanityfair.com,0,0,5,0,5
US,eenews.net,0,5,0,0,5
US,factcheck.org,0,5,0,0,5
US,realclearpolitics.com,0,5,0,0,5
US,calmatters.org,0,5,0,0,5
US,hhs.gov,0,5,0,0,5
US,whitehouse.gov,0,4,0,0,4
US,clearinghouse.net,0,4,0,0,4
US,redstate.com,0,0,4,0,4
US,commondreams.org,0,0,4,0,4
US,oas.org,0,4,0,0,4
US,oversight.gov,0,4,0,0,4
US,thefreedomindex.org,0,0,4,0,4
US,cbp.gov,0,4,0,0,4
US,people.com,0,0,4,0,4
US,state.gov,0,4,0,0,4
US,eff.org,0,4,0,0,4
US,washingtonblade.com,0,3,0,0,3
US,wvxu.org,0,3,0,0,3
US,dw.com,0,3,0,0,3
US,nysun.com,0,0,3,0,3
US,hotair.com,0,0,3,0,3
US,heritageaction.com,0,0,3,0,3
US,who.int,0,3,0,0,3
US,uchicago.edu,0,3,0,0,3
US,votesmart.org,0,3,0,0,3
US,aap.org,0,3,0,0,3
US,brennancenter.org,0,3,0,0,3
US,themarshallproject.org,0,3,0,0,3
US,uhrp.org,0,3,0,0,3
US,armscontrol.org,0,3,0,0,3
US,theblaze.com,0,0,3,0,3
US,snopes.com,0,2,1,0,3
US,salon.com,0,0,3,0,3
US,rollcall.com,0,3,0,0,3
US,wnd.com,0,1,1,0,2
US,wired.com,0,1,1,0,2
US,townhall.com,0,0,2,0,2
US,miaminewtimes.com,0,0,2,0,2
US,kqed.org,0,2,0,0,2
US,marketwatch.com,0,2,0,0,2
US,upi.com,0,2,0,0,2
US,thepinknews.com,0,0,2,0,2
US,meaww.com,0,0,2,0,2
US,reddit.com,0,0,2,0,2
US,ny1.com,0,2,0,0,2
US,upworthy.com,0,0,2,0,2
US,jta.org,0,2,0,0,2
US,ohiocapitaljournal.com,0,2,0,0,2
US,thedailybeast.com,0,1,1,0,2
US,sputnikglobe.com,0,0,2,0,2
US,pjmedia.com,0,0,2,0,2
US,washingtonexaminer.com,0,0,2,0,2
US,speaker.gov,0,2,0,0,2
US,oann.com,0,0,2,0,2
US,y94.com,0,0,2,0,2
US,hias.org,0,2,0,0,2
US,defense.gov,0,2,0,0,2
US,americanrhetoric.com,0,2,0,0,2
US,bizpacreview.com,0,0,2,0,2
US,hrc.org,0,2,0,0,2
US,ama-assn.org,0,2,0,0,2
US,imeupolicyproject.org,0,0,1,0,1
US,cambridge.org,0,1,0,0,1
US,concernedwomen.org,0,0,1,0,1
US,ccrjustice.org,0,1,0,0,1
US,them.us,0,0,1,0,1
US,thenewcivilrightsmovement.com,0,0,1,0,1
US,thenewamerican.com,0,0,1,0,1
US,thefederalist.com,0,0,1,0,1
US,californiasunday.com,0,1,0,0,1
US,thepoliticalinsider.com,0,0,1,0,1
US,theverge.com,0,0,1,0,1
US,businessinsider.com,0,1,0,0,1
US,timesofisrael.com,0,1,0,0,1
US,congress.net,0,0,1,0,1
US,theconservativetreehouse.com,0,0,1,0,1
US,theepochtimes.com,0,1,0,0,1
US,countercurrents.org,0,0,1,0,1
US,tpaction.com,0,0,1,0,1
US,cpj.org,0,1,0,0,1
US,the-sun.com,0,0,1,0,1
US,the-express.com,0,0,1,0,1
US,texastribune.org,0,1,0,0,1
US,tasnimnews.com,0,0,1,0,1
US,dailycaller.com,0,0,1,0,1
US,dailykos.com,0,0,1,0,1
US,dailysignal.com,0,0,1,0,1
US,dailywire.com,0,0,1,0,1
US,deathpenaltyinfo.org,0,1,0,0,1
US,scotusblog.com,0,1,0,0,1
US,romper.com,0,0,1,0,1
US,buckeyereporter.com,0,0,1,0,1
US,tripod.com,0,0,1,0,1
US,transparency.org,0,1,0,0,1
US,bpr.org,0,1,0,0,1
US,abc7chicago.com,0,1,0,0,1
US,wsws.org,0,0,1,0,1
US,abcactionnews.com,0,1,0,0,1
US,wjct.org,0,1,0,0,1
US,aclu-sdic.org,0,1,0,0,1
US,acludc.org,0,1,0,0,1
US,advancingjustice-aajc.org,0,1,0,0,1
US,advocate.com,0,1,0,0,1
US,wbur.org,0,1,0,0,1
US,aljazeera.com,0,1,0,0,1
US,americafirstpolicy.com,0,0,1,0,1
US,war.gov,0,0,1,0,1
US,voz.us,0,0,1,0,1
US,americarisingpac.org,0,0,1,0,1
US,uyghuraa.org,0,0,1,0,1
US,ustr.gov,0,1,0,0,1
US,ushmm.org,0,1,0,0,1
US,apr.org,0,1,0,0,1
US,arstechnica.com,0,1,0,0,1
US,as-coa.org,0,1,0,0,1
US,unicef.org,0,1,0,0,1
US,asil.org,0,1,0,0,1
US,billsponsor.com,0,0,1,0,1
US,ukrainetoday.org,0,0,1,0,1
US,boingboing.net,0,0,1,0,1
US,bostonglobe.com,0,1,0,0,1
US,twitchy.com,0,0,1,0,1
US,truthout.org,0,0,1,0,1
US,rev.com,0,1,0,0,1
US,democrats.org,0,0,1,0,1
US,digitaljournal.com,0,0,1,0,1
US,immigrationusa.com,0,0,1,0,1
US,lifenews.com,0,0,1,0,1
US,ncregister.com,0,1,0,0,1
US,nationofchange.org,0,0,1,0,1
US,nakedcapitalism.com,0,0,1,0,1
US,naacpldf.org,0,1,0,0,1
US,naacp.org,0,1,0,0,1
US,muckrock.com,0,1,0,0,1
US,mikejohnsonforlouisiana.com,0,1,0,0,1
US,gq.com,0,0,1,0,1
US,abc7.com,0,1,0,0,1
US,harvard.edu,0,1,0,0,1
US,magnumphotos.com,0,1,0,0,1
US,lwv.org,0,1,0,0,1
US,lostcoastoutpost.com,0,0,1,0,1
US,lifesitenews.com,0,1,0,0,1
US,lemonde.fr,0,1,0,0,1
US,newbostonpost.com,0,0,1,0,1
US,legistorm.com,0,0,1,0,1
US,legalinsurrection.com,0,0,1,0,1
US,lailluminator.com,0,1,0,0,1
US,hiv.gov,0,1,0,0,1
US,kpbs.org,0,1,0,0,1
US,kccu.org,0,1,0,0,1
US,justthenews.com,0,0,1,0,1
US,humanrightsfirst.org,0,1,0,0,1
US,icj-cij.org,0,1,0,0,1
US,jns.org,0,0,1,0,1
US,jenniferrobin.gallery,0,0,1,0,1
US,israelnationalnews.com,0,0,1,0,1
US,intel.gov,0,1,0,0,1
US,inquisitr.com,0,0,1,0,1
US,ndtv.com,0,0,1,0,1
US,newsmax.com,0,0,1,0,1
US,refworld.org,0,1,0,0,1
US,fairus.org,0,0,1,0,1
US,dni.gov,0,1,0,0,1
US,doi.gov,0,1,0,0,1
US,dol.gov,0,1,0,0,1
US,presstv.ir,0,0,1,0,1
US,pressdemocrat.com,0,1,0,0,1
US,portside.org,0,0,1,0,1
US,educate-yourself.org,0,0,1,0,1
US,eurochicago.com,0,0,1,0,1
US,policy-shift.com,0,0,1,0,1
US,policeofficersdefensecoalition.com,0,0,1,0,1
US,pluralpolicy.com,0,0,1,0,1
US,ew.com,0,0,1,0,1
US,phr.org,0,1,0,0,1
US,phoenixnewtimes.com,0,0,1,0,1
US,people.cn,0,0,1,0,1
US,newsrael.com,0,0,1,0,1
US,peacehouse.net,0,0,1,0,1
US,floridianpress.com,0,0,1,0,1
US,freedomfirstsociety.org,0,0,1,0,1
US,ontheissues.org,0,0,1,0,1
US,freedomhouse.org,0,1,0,0,1
US,observer.com,0,0,1,0,1
US,ft.com,0,1,0,0,1
US,gao.gov,0,1,0,0,1
US,nyu.edu,0,1,0,0,1
US,goldenagerising.com,0,0,1,0,1
US,goodmorningamerica.com,0,1,0,0,1
US,govinfo.gov,0,1,0,0,1
US,numbersusa.com,0,0,1,0,1
US,npr.org,0,1,0,0,1
US,mediaite.com,0,0,1,0,1
UK,gov.uk,1,126,9,0,136
UK,parliament.uk,2,130,0,0,132
UK,theguardian.com,0,45,3,0,48
UK,reuters.com,0,39,0,0,39
UK,wikipedia*,0,1,36,0,37
UK,thesun.co.uk,0,0,31,0,31
UK,itv.com,0,31,0,0,31
UK,gbnews.com,0,0,28,0,28
UK,sky.com,0,24,1,0,25
UK,standard.co.uk,0,21,0,0,21
UK,apnews.com,0,19,1,0,20
UK,equalityhumanrights.com,0,18,1,0,19
UK,amnesty*,0,16,1,0,17
UK,independent.co.uk,0,16,0,0,16
UK,supremecourt.uk,0,16,0,0,16
UK,ft.com,0,15,0,0,15
UK,unhcr.org,0,15,0,0,15
UK,thepinknews.com,0,5,8,0,13
UK,hrw.org,0,12,0,0,12
UK,coe.int,0,12,0,0,12
UK,lbc.co.uk,0,8,3,0,11
UK,c4m.org.uk,0,0,10,0,10
UK,thelondoneconomic.com,0,0,10,0,10
UK,ac.uk,0,10,0,0,10
UK,wsws.org,0,0,9,0,9
UK,bbci.co.uk,0,9,0,0,9
UK,thecanary.co,0,0,8,0,8
UK,parallelparliament.co.uk,0,5,3,0,8
UK,labourhub.org.uk,0,0,8,0,8
UK,reddit.com,0,0,7,0,7
UK,libdems.org.uk,0,7,0,0,7
UK,upday.com,0,0,7,0,7
UK,mpwarcrimes.co.uk,0,0,6,0,6
UK,leftfootforward.org,0,2,4,0,6
UK,time.com,0,6,0,0,6
UK,nationbuilder.com,1,4,0,0,5
UK,middleeastmonitor.com,0,0,5,0,5
UK,indy100.com,0,0,5,0,5
UK,lawsociety.org.uk,0,5,0,0,5
UK,jeremycorbyn.org.uk,0,5,0,0,5
UK,kemibadenoch.org.uk,0,5,0,0,5
UK,aljazeera.com,0,5,0,0,5
UK,un.org,0,5,0,0,5
UK,thetimes.co.uk,0,4,1,0,5
UK,judiciary.uk,0,4,0,0,4
UK,publicwhip.org.uk,0,4,0,0,4
UK,labourlist.org,0,3,1,0,4
UK,bihr.org.uk,0,4,0,0,4
UK,britbrief.co.uk,0,0,4,0,4
UK,libertyhumanrights.org.uk,0,4,0,0,4
UK,thescottishsun.co.uk,0,0,3,0,3
UK,barcouncil.org.uk,0,3,0,0,3
UK,ipb.org,0,3,0,0,3
UK,britannica.com,0,3,0,0,3
UK,london-post.co.uk,0,0,3,0,3
UK,euronews.com,0,3,0,0,3
UK,timesofisrael.com,0,3,0,0,3
UK,politico.eu,0,3,0,0,3
UK,thejlc.org,0,3,0,0,3
UK,ofcom.org.uk,0,0,3,0,3
UK,thejc.com,0,3,0,0,3
UK,tasnimnews.com,0,0,3,0,3
UK,nchrd.org,0,2,1,0,3
UK,skwawkbox.org,0,0,3,0,3
UK,thesanghakommune.org,0,0,2,0,2
UK,washingtonpost.com,0,2,0,0,2
UK,realclearpolitics.com,0,0,2,0,2
UK,visaverge.com,0,0,2,0,2
UK,politics.co.uk,0,1,1,0,2
UK,lag.org.uk,0,2,0,0,2
UK,lawgazette.co.uk,0,2,0,0,2
UK,stopwar.org.uk,0,0,2,0,2
UK,politico.com,0,2,0,0,2
UK,opindia.com,0,1,1,0,2
UK,ukhumanrightsblog.com,0,2,0,0,2
UK,loc.gov,0,2,0,0,2
UK,medium.com,0,1,1,0,2
UK,nypost.com,0,1,1,0,2
UK,refugeecouncil.org.uk,0,2,0,0,2
UK,labouroutlook.org,0,0,2,0,2
UK,guardian.ng,0,0,2,0,2
UK,cambridge.org,0,2,0,0,2
UK,euroweeklynews.com,0,1,1,0,2
UK,expressandstar.com,0,2,0,0,2
UK,freespeechunion.org,0,0,2,0,2
UK,conservatives.com,0,2,0,0,2
UK,doughtystreet.co.uk,0,2,0,0,2
UK,hongkongwatch.org,0,2,0,0,2
UK,ibtimes.co.uk,0,0,2,0,2
UK,eachother.org.uk,0,2,0,0,2
UK,jewishvoiceforlabour.org.uk,0,2,0,0,2
UK,appghumanrights.com,0,1,0,0,1
UK,theblaze.com,0,1,0,0,1
UK,constitution-unit.com,0,1,0,0,1
UK,counselmagazine.co.uk,0,1,0,0,1
UK,thegayuk.com,0,0,1,0,1
UK,thecommoner.org.uk,0,0,1,0,1
UK,abortionrights.org.uk,0,1,0,0,1
UK,counterpunch.org,0,0,1,0,1
UK,thebureauinvestigates.com,0,1,0,0,1
UK,taxresearch.org.uk,0,0,1,0,1
UK,congress.gov,0,1,0,0,1
UK,craigmurray.org.uk,0,0,1,0,1
UK,wiredja.com,0,0,1,0,1
UK,dailymotion.com,0,0,1,0,1
UK,wolvesofwestminster.co.uk,0,0,1,0,1
UK,subsaga.com,0,1,0,0,1
UK,dailywire.com,0,0,1,0,1
UK,detentionforum.org.uk,0,1,0,0,1
UK,docslib.org,0,0,1,0,1
UK,wealdendistrict.com,0,0,1,0,1
UK,thenationalnews.com,0,0,1,0,1
UK,attitude.co.uk,0,0,1,0,1
UK,thenationalpulse.com,0,0,1,0,1
UK,unece.org,0,1,0,0,1
UK,unaids.org,0,1,0,0,1
UK,business-humanrights.org,0,1,0,0,1
UK,ukreporter.co.uk,0,0,1,0,1
UK,bylinetimes.com,0,0,1,0,1
UK,ukcolumn.org,0,0,1,0,1
UK,travellerstimes.org.uk,0,1,0,0,1
UK,antisemitism.org,0,1,0,0,1
UK,washingtonexaminer.com,0,0,1,0,1
UK,channel4.com,0,1,0,0,1
UK,thetotalbusiness.com,0,0,1,0,1
UK,christian.org.uk,0,0,1,0,1
UK,algemeiner.com,0,0,1,0,1
UK,christianconcern.com,0,0,1,0,1
UK,colombogazette.com,0,0,1,0,1
UK,commondreams.org,0,0,1,0,1
UK,computerweekly.com,0,1,0,0,1
UK,jurist.org,0,1,0,0,1
UK,eldh.eu,0,0,1,0,1
UK,simplyethical.com,0,0,1,0,1
UK,ein.org.uk,0,1,0,0,1
UK,matrixlaw.co.uk,0,1,0,0,1
UK,hurryupharry.net,0,0,1,0,1
UK,liquisearch.com,0,0,1,0,1
UK,ico.org.uk,0,1,0,0,1
UK,indiatimes.com,0,0,1,0,1
UK,lgbtconservatives.org.uk,0,0,1,0,1
UK,lemonde.fr,0,0,1,0,1
UK,legalcheek.com,0,0,1,0,1
UK,innertemplelibrary.com,0,1,0,0,1
UK,ipso.co.uk,0,0,1,0,1
UK,ipwp.org,0,1,0,0,1
UK,ireland-live.ie,0,0,1,0,1
UK,irishtimes.com,0,1,0,0,1
UK,abebooks.co.uk,0,1,0,0,1
UK,islingtontribune.co.uk,0,1,0,0,1
UK,labouraffairsmagazine.com,0,0,1,0,1
UK,labour.org.uk,0,1,0,0,1
UK,kiddle.co,0,0,1,0,1
UK,joe.co.uk,0,0,1,0,1
UK,humanists.uk,0,0,1,0,1
UK,headtopics.com,0,0,1,0,1
UK,greatreporter.com,0,0,1,0,1
UK,freedomfromtorture.org,0,1,0,0,1
UK,reformuk-herts.uk,0,1,0,0,1
UK,justiceforall.org,0,0,1,0,1
UK,realclearreligion.org,0,0,1,0,1
UK,qazet.az,0,0,1,0,1
UK,pressnewsagency.org,0,0,1,0,1
UK,postofficehorizoninquiry.org.uk,0,1,0,0,1
UK,fandom.com,0,0,1,0,1
UK,foreignaffairs.com,0,1,0,0,1
UK,fullfact.org,0,1,0,0,1
UK,newsminimalist.com,0,0,1,0,1
UK,pappers.fr,0,1,0,0,1
UK,palestinecampaign.org,0,0,1,0,1
UK,oxfam.org.uk,0,1,0,0,1
UK,gandhifoundation.org,0,1,0,0,1
UK,opendemocracy.net,0,0,1,0,1
UK,glanlaw.org,0,1,0,0,1
UK,government.is,0,1,0,0,1
UK,newstatesman.com,0,1,0,0,1
UK,aa.com.tr,0,1,0,0,1
Europe,europa.eu,1,112,1,0,114
Europe,reuters.com,1,64,5,0,70
Europe,apnews.com,0,59,0,0,59
Europe,euronews.com,0,54,3,0,57
Europe,coe.int,0,48,0,0,48
Europe,hrw.org,0,46,0,0,46
Europe,amnesty*,0,43,1,0,44
Europe,dw.com,0,38,0,0,38
Europe,wikipedia*,0,2,34,0,36
Europe,theguardian.com,0,15,4,0,19
Europe,lemonde.fr,0,14,1,0,15
Europe,gouv.fr,0,14,0,0,14
Europe,rsf.org,0,14,0,0,14
Europe,unhcr.org,0,12,0,0,12
Europe,gob.es,0,11,0,0,11
Europe,loc.gov,0,11,0,0,11
Europe,aa.com.tr,0,2,7,0,9
Europe,eppgroup.eu,1,7,0,0,8
Europe,un.org,0,8,0,0,8
Europe,ft.com,0,8,0,0,8
Europe,brusselssignal.eu,0,1,7,0,8
Europe,abouthungary.hu,0,2,5,0,7
Europe,government.nl,0,7,0,0,7
Europe,freedomhouse.org,0,7,0,0,7
Europe,ecoi.net,0,7,0,0,7
Europe,err.ee,0,6,0,0,6
Europe,thepinknews.com,0,0,6,0,6
Europe,osce.org,0,5,0,0,5
Europe,conseil-etat.fr,0,5,0,0,5
Europe,valitsus.ee,0,5,0,0,5
Europe,nato.int,0,5,0,0,5
Europe,elysee.fr,0,5,0,0,5
Europe,pap.pl,0,5,0,0,5
Europe,vie-publique.fr,0,5,0,0,5
Europe,defensordelpueblo.es,0,5,0,0,5
Europe,ansa.it,0,5,0,0,5
Europe,tbsnews.net,0,0,5,0,5
Europe,bundestag.de,0,5,0,0,5
Europe,gov.pl,0,5,0,0,5
Europe,elpais.com,0,4,0,0,4
Europe,politico.eu,0,4,0,0,4
Europe,nltimes.nl,0,4,0,0,4
Europe,aljazeera.com,0,3,1,0,4
Europe,diplo.de,0,4,0,0,4
Europe,esteri.it,0,4,0,0,4
Europe,welt.de,0,3,1,0,4
Europe,rechtspraak.nl,0,4,0,0,4
Europe,tass.com,0,0,4,0,4
Europe,boe.es,0,4,0,0,4
Europe,polanddaily24.com,0,0,3,0,3
Europe,houseofrepresentatives.nl,0,3,0,0,3
Europe,wipo.int,0,3,0,0,3
Europe,kormany.hu,0,3,0,0,3
Europe,iwp.edu,0,0,3,0,3
Europe,anews.com.tr,0,0,3,0,3
Europe,euinsider.eu,0,0,3,0,3
Europe,gov.it,0,3,0,0,3
Europe,sputnikglobe.com,0,0,3,0,3
Europe,auswaertiges-amt.de,0,3,0,0,3
Europe,epp.eu,0,3,0,0,3
Europe,asylumlawdatabase.eu,0,3,0,0,3
Europe,minoritymonitor.eu,0,0,3,0,3
Europe,gov.ua,0,3,0,0,3
Europe,presstv.ir,0,0,3,0,3
Europe,publikationen-bundesregierung.de,0,3,0,0,3
Europe,bafa.de,0,3,0,0,3
Europe,thenationalnews.com,0,0,3,0,3
Europe,budapesttimes.hu,0,0,3,0,3
Europe,ecre.org,0,3,0,0,3
Europe,ilo.org,0,2,0,0,2
Europe,hogeraad.nl,0,2,0,0,2
Europe,jurist.org,0,2,0,0,2
Europe,timesofisrael.com,0,1,1,0,2
Europe,initiativemarianne.fr,0,2,0,0,2
Europe,icj-cij.org,0,2,0,0,2
Europe,wsws.org,0,0,2,0,2
Europe,xinhuanet.com,0,0,2,0,2
Europe,greekreporter.com,0,1,1,0,2
Europe,livemint.com,0,0,2,0,2
Europe,vm.ee,0,2,0,0,2
Europe,lcp.fr,0,2,0,0,2
Europe,senat.fr,0,2,0,0,2
Europe,manfredweber.eu,0,2,0,0,2
Europe,rferl.org,0,2,0,0,2
Europe,middleeastmonitor.com,0,0,2,0,2
Europe,reneweuropegroup.eu,0,1,1,0,2
Europe,moncloa.com,0,0,2,0,2
Europe,washingtonpost.com,0,2,0,0,2
Europe,reddit.com,0,0,2,0,2
Europe,notesfrompoland.com,0,2,0,0,2
Europe,org.cy,0,2,0,0,2
Europe,raadvanstate.nl,0,2,0,0,2
Europe,prakkendoliveira.nl,0,2,0,0,2
Europe,pappers.fr,0,1,1,0,2
Europe,xpatloop.com,0,0,2,0,2
Europe,gov.hu,0,2,0,0,2
Europe,ewfrf.org,0,0,2,0,2
Europe,agenparl.eu,0,0,2,0,2
Europe,almayadeen.net,0,0,2,0,2
Europe,autoriteitpersoonsgegevens.nl,0,2,0,0,2
Europe,bild.de,0,0,2,0,2
Europe,bund.de,0,2,0,0,2
Europe,bundesregierung.de,0,2,0,0,2
Europe,conseil-constitutionnel.fr,0,2,0,0,2
Europe,constituteproject.org,0,2,0,0,2
Europe,ennhri.org,0,2,0,0,2
Europe,europeantimes.news,0,0,2,0,2
Europe,euroweeklynews.com,0,0,2,0,2
Europe,defenseurdesdroits.fr,0,2,0,0,2
Europe,gazzettaufficiale.it,0,2,0,0,2
Europe,francesoir.fr,0,0,2,0,2
Europe,hungarytoday.hu,0,0,1,0,1
Europe,cbn.com,0,0,1,0,1
Europe,silerenonpossum.com,0,0,1,0,1
Europe,simonmercieca.com,0,0,1,0,1
Europe,sinosz.hu,0,1,0,0,1
Europe,spainenglish.com,0,0,1,0,1
Europe,spiegel.de,0,1,0,0,1
Europe,catalannews.com,0,0,1,0,1
Europe,senato.it,0,1,0,0,1
Europe,tbnisrael.com,0,0,1,0,1
Europe,byarcadia.org,0,0,1,0,1
Europe,telenuovo.it,0,0,1,0,1
Europe,thedailybeast.com,0,0,1,0,1
Europe,businesstoday.in,0,0,1,0,1
Europe,theioi.org,0,1,0,0,1
Europe,shafaq.com,0,0,1,0,1
Europe,citizenlab.ca,0,1,0,0,1
Europe,thelocal.it,0,0,1,0,1
Europe,reutersconnect.com,0,1,0,0,1
Europe,helsinki.hu,0,1,0,0,1
Europe,commondreams.org,0,0,1,0,1
Europe,refworld.org,0,1,0,0,1
Europe,co.nz,0,0,1,0,1
Europe,republicworld.com,0,0,1,0,1
Europe,cnil.fr,0,1,0,0,1
Europe,rev.com,0,0,1,0,1
Europe,sdp.pl,0,0,1,0,1
Europe,cncdh.fr,0,1,0,0,1
Europe,riigikogu.ee,0,1,0,0,1
Europe,rijksoverheid.nl,0,1,0,0,1
Europe,royanews.tv,0,0,1,0,1
Europe,cnbc.com,0,1,0,0,1
Europe,rtve.es,0,1,0,0,1
Europe,thelocal.fr,0,1,0,0,1
Europe,greens-efa.eu,0,0,1,0,1
Europe,hfhr.pl,0,1,0,0,1
Europe,vanguardngr.com,0,0,1,0,1
Europe,advocatetanmoy.com,0,0,1,0,1
Europe,german-foreign-policy.com,0,0,1,0,1
Europe,albaniantimes.al,0,0,1,0,1
Europe,government.is,0,1,0,0,1
Europe,arendt-art.de,0,0,1,0,1
Europe,webdo.tn,0,0,1,0,1
Europe,waw.pl,0,1,0,0,1
Europe,asil.org,0,1,0,0,1
Europe,voltairenet.org,0,0,1,0,1
Europe,voiceofvienna.org,0,1,0,0,1
Europe,vogue.com,0,0,1,0,1
Europe,generationequality.org,0,1,0,0,1
Europe,visegradpost.com,0,0,1,0,1
Europe,bamf.de,0,1,0,0,1
Europe,beol.hu,0,0,1,0,1
Europe,theolivepress.es,0,0,1,0,1
Europe,uwidata.com,0,0,1,0,1
Europe,utoronto.ca,0,1,0,0,1
Europe,unognewsroom.org,0,1,0,0,1
Europe,unn.ua,0,0,1,0,1
Europe,universal-rights.org,0,1,0,0,1
Europe,government.se,0,1,0,0,1
Europe,biometricupdate.com,0,0,1,0,1
Europe,tribunalconstitucional.es,0,1,0,0,1
Europe,torinocronaca.it,0,0,1,0,1
Europe,bmwk.de,0,1,0,0,1
Europe,theworldmonitor.com,0,0,1,0,1
Europe,thewom.it,0,0,1,0,1
Europe,gbnews.com,0,0,1,0,1
Europe,theparliamentmagazine.eu,0,1,0,0,1
Europe,rebelnews.com,0,0,1,0,1
Europe,cornell.edu,0,1,0,0,1
Europe,hungarianconservative.com,0,0,1,0,1
Europe,euronewssource.com,0,0,1,0,1
Europe,mcgillpolicyassociation.com,0,1,0,0,1
Europe,mandiner.hu,0,0,1,0,1
Europe,magyarnemzet.hu,0,0,1,0,1
Europe,eu.dk,0,1,0,0,1
Europe,eubulletin.com,0,0,1,0,1
Europe,liveaction.org,0,0,1,0,1
Europe,linkedin.com,0,0,1,0,1
Europe,lifenews.com,0,0,1,0,1
Europe,libyareview.com,0,0,1,0,1
Europe,lexing.law,0,0,1,0,1
Europe,eureporter.co,0,0,1,0,1
Europe,euromaidanpress.com,0,0,1,0,1
Europe,latestnewsandupdates.com,0,0,1,0,1
Europe,kuria-birosag.hu,0,1,0,0,1
Europe,kok-gegen-menschenhandel.de,0,1,0,0,1
Europe,mensenrechten.nl,0,1,0,0,1
Europe,kiesraad.nl,0,1,0,0,1
Europe,keeptalkinggreece.com,0,0,1,0,1
Europe,europeanconservative.com,0,0,1,0,1
Europe,europeaninterest.eu,0,0,1,0,1
Europe,iz.ru,0,0,1,0,1
Europe,intellinews.com,0,1,0,0,1
Europe,institut-fuer-menschenrechte.de,0,1,0,0,1
Europe,eurotoday.org,0,0,1,0,1
Europe,index.hu,0,1,0,0,1
Europe,iltempo.it,0,0,1,0,1
Europe,fidh.org,0,1,0,0,1
Europe,ilga-europe.org,0,1,0,0,1
Europe,ilcorrieredelgiorno.it,0,0,1,0,1
Europe,ifj.org,0,1,0,0,1
Europe,meduza.io,0,1,0,0,1
Europe,metropol.hu,0,0,1,0,1
Europe,publicsenat.fr,0,1,0,0,1
Europe,oreanda-news.com,0,0,1,0,1
Europe,proasyl.de,0,1,0,0,1
Europe,csactu.fr,0,0,1,0,1
Europe,dailycaller.com,0,0,1,0,1
Europe,polizialocale.com,0,0,1,0,1
Europe,datenschutz-berlin.de,0,1,0,0,1
Europe,germanmediatoday.com,0,0,1,0,1
Europe,poderjudicial.es,0,1,0,0,1
Europe,pitchfork.com,0,0,1,0,1
Europe,pbs.org,0,1,0,0,1
Europe,defensie.nl,0,1,0,0,1
Europe,destatis.de,0,1,0,0,1
Europe,pamiragency.com,0,0,1,0,1
Europe,difesa.it,0,1,0,0,1
Europe,dire.it,0,1,0,0,1
Europe,ordoiuris.pl,0,0,1,0,1
Europe,efe.com,0,1,0,0,1
Europe,oiguskantsler.ee,0,1,0,0,1
Europe,officielebekendmakingen.nl,0,1,0,0,1
Europe,doctorswithoutborders.org,0,1,0,0,1
Europe,nos.nl,0,1,0,0,1
Europe,donneierioggiedomani.it,0,0,1,0,1
Europe,news24.com,0,0,1,0,1
Europe,news.cn,0,0,1,0,1
Europe,ncr-iran.org,0,0,1,0,1
Europe,ecchr.eu,0,1,0,0,1
Europe,naih.hu,0,1,0,0,1
Europe,echrcaselaw.com,0,0,1,0,1
Europe,miragenews.com,0,0,1,0,1
Europe,ecrgroup.eu,0,0,1,0,1
Europe,miniszterelnok.hu,0,1,0,0,1
Europe,justiceinitiative.org,0,1,0,0,1
