region,politician,prompt_version,common_domain,count
US,Alexandria Ocasio-Cortez,disregards,congress.gov,27
US,Alexandria Ocasio-Cortez,disregards,house.gov,20
US,Alexandria Ocasio-Cortez,disregards,wikipedia*,6
US,Alexandria Ocasio-Cortez,disregards,nypost.com,4
US,Alexandria Ocasio-Cortez,disregards,axios.com,3
US,Alexandria Ocasio-Cortez,disregards,hrc.org,3
US,Alexandria Ocasio-Cortez,disregards,theguardian.com,3
US,Alexandria Ocasio-Cortez,disregards,timesofisrael.com,3
US,Alexandria Ocasio-Cortez,disregards,aclu.org,2
US,Alexandria Ocasio-Cortez,disregards,jta.org,2
US,Alexandria Ocasio-Cortez,disregards,numbersusa.com,2
US,Alexandria Ocasio-Cortez,disregards,ocasiocortez.com,2
US,Alexandria Ocasio-Cortez,disregards,washingtonpost.com,2
US,Alexandria Ocasio-Cortez,disregards,wsws.org,2
US,Alexandria Ocasio-Cortez,disregards,apnews.com,1
US,Alexandria Ocasio-Cortez,disregards,businessinsider.com,1
US,Alexandria Ocasio-Cortez,disregards,cnn.com,1
US,Alexandria Ocasio-Cortez,disregards,concernedwomen.org,1
US,Alexandria Ocasio-Cortez,disregards,fp4america.org,1
US,Alexandria Ocasio-Cortez,disregards,heritageaction.com,1
US,Alexandria Ocasio-Cortez,disregards,israelnationalnews.com,1
US,Alexandria Ocasio-Cortez,disregards,jewishjournal.com,1
US,Alexandria Ocasio-Cortez,disregards,jezebel.com,1
US,Alexandria Ocasio-Cortez,disregards,legiscan.com,1
US,Alexandria Ocasio-Cortez,disregards,limitedgov.org,1
US,Alexandria Ocasio-Cortez,disregards,naacp.org,1
US,Alexandria Ocasio-Cortez,disregards,newarab.com,1
US,Alexandria Ocasio-Cortez,disregards,newsmax.com,1
US,Alexandria Ocasio-Cortez,disregards,senate.gov,1
US,Alexandria Ocasio-Cortez,disregards,the-independent.com,1
US,Alexandria Ocasio-Cortez,disregards,time.com,1
US,Alexandria Ocasio-Cortez,disregards,upworthy.com,1
US,Alexandria Ocasio-Cortez,disregards,washingtonexaminer.com,1
US,Alexandria Ocasio-Cortez,values,congress.gov,147
US,Alexandria Ocasio-Cortez,values,house.gov,147
US,Alexandria Ocasio-Cortez,values,wikipedia*,30
US,Alexandria Ocasio-Cortez,values,axios.com,21
US,Alexandria Ocasio-Cortez,values,senate.gov,15
US,Alexandria Ocasio-Cortez,values,hrc.org,12
US,Alexandria Ocasio-Cortez,values,aflcio.org,10
US,Alexandria Ocasio-Cortez,values,aclu.org,8
US,Alexandria Ocasio-Cortez,values,govinfo.gov,7
US,Alexandria Ocasio-Cortez,values,fastdemocracy.com,6
US,Alexandria Ocasio-Cortez,values,legiscan.com,5
US,Alexandria Ocasio-Cortez,values,uhrp.org,5
US,Alexandria Ocasio-Cortez,values,ncleg.gov,4
US,Alexandria Ocasio-Cortez,values,ocasiocortez.com,4
US,Alexandria Ocasio-Cortez,values,cbsnews.com,3
US,Alexandria Ocasio-Cortez,values,heritageaction.com,3
US,Alexandria Ocasio-Cortez,values,reddit.com,3
US,Alexandria Ocasio-Cortez,values,amnesty*,2
US,Alexandria Ocasio-Cortez,values,billsponsor.com,2
US,Alexandria Ocasio-Cortez,values,civilrights.org,2
US,Alexandria Ocasio-Cortez,values,commondreams.org,2
US,Alexandria Ocasio-Cortez,values,iaproject.org,2
US,Alexandria Ocasio-Cortez,values,numbersusa.com,2
US,Alexandria Ocasio-Cortez,values,time.com,2
US,Alexandria Ocasio-Cortez,values,twitter.com,2
US,Alexandria Ocasio-Cortez,values,voteview.com,2
US,Alexandria Ocasio-Cortez,values,aldianews.com,1
US,Alexandria Ocasio-Cortez,values,americanprogress.org,1
US,Alexandria Ocasio-Cortez,values,businessinsider.com,1
US,Alexandria Ocasio-Cortez,values,cnbc.com,1
US,Alexandria Ocasio-Cortez,values,com.ua,1
US,Alexandria Ocasio-Cortez,values,cwa-union.org,1
US,Alexandria Ocasio-Cortez,values,ifnotnowmovement.org,1
US,Alexandria Ocasio-Cortez,values,lcv.org,1
US,Alexandria Ocasio-Cortez,values,nationofchange.org,1
US,Alexandria Ocasio-Cortez,values,nclrights.org,1
US,Alexandria Ocasio-Cortez,values,nypost.com,1
US,Alexandria Ocasio-Cortez,values,ocasio-cortez.democrat,1
US,Alexandria Ocasio-Cortez,values,reuters.com,1
US,Alexandria Ocasio-Cortez,values,teenvogue.com,1
US,Alexandria Ocasio-Cortez,values,thefreedomindex.org,1
US,Alexandria Ocasio-Cortez,values,theguardian.com,1
US,Alexandria Ocasio-Cortez,values,them.us,1
US,Alexandria Ocasio-Cortez,values,vanityfair.com,1
US,Alexandria Ocasio-Cortez,values,washingtonpost.com,1
US,Bernie Sanders,disregards,senate.gov,43
US,Bernie Sanders,disregards,time.com,20
US,Bernie Sanders,disregards,wikipedia*,13
US,Bernie Sanders,disregards,congress.gov,11
US,Bernie Sanders,disregards,timesofisrael.com,6
US,Bernie Sanders,disregards,washingtonpost.com,6
US,Bernie Sanders,disregards,heritageaction.com,5
US,Bernie Sanders,disregards,politifact.com,5
US,Bernie Sanders,disregards,aclu.org,4
US,Bernie Sanders,disregards,house.gov,4
US,Bernie Sanders,disregards,newyorker.com,4
US,Bernie Sanders,disregards,axios.com,3
US,Bernie Sanders,disregards,democracynow.org,3
US,Bernie Sanders,disregards,hrc.org,3
US,Bernie Sanders,disregards,ontheissues.org,3
US,Bernie Sanders,disregards,aljazeera.com,2
US,Bernie Sanders,disregards,govinfo.gov,2
US,Bernie Sanders,disregards,newsweek.com,2
US,Bernie Sanders,disregards,politico.com,2
US,Bernie Sanders,disregards,snopes.com,2
US,Bernie Sanders,disregards,theguardian.com,2
US,Bernie Sanders,disregards,advocate.com,1
US,Bernie Sanders,disregards,as-coa.org,1
US,Bernie Sanders,disregards,cbsnews.com,1
US,Bernie Sanders,disregards,checkyourfact.com,1
US,Bernie Sanders,disregards,cnbc.com,1
US,Bernie Sanders,disregards,commondreams.org,1
US,Bernie Sanders,disregards,fox13now.com,1
US,Bernie Sanders,disregards,guns.com,1
US,Bernie Sanders,disregards,imeupolicyproject.org,1
US,Bernie Sanders,disregards,marfapublicradio.org,1
US,Bernie Sanders,disregards,mediaite.com,1
US,Bernie Sanders,disregards,numbersusa.com,1
US,Bernie Sanders,disregards,nypost.com,1
US,Bernie Sanders,disregards,observer.com,1
US,Bernie Sanders,disregards,pbs.org,1
US,Bernie Sanders,disregards,peacehouse.net,1
US,Bernie Sanders,disregards,pjmedia.com,1
US,Bernie Sanders,disregards,portside.org,1
US,Bernie Sanders,disregards,redstate.com,1
US,Bernie Sanders,disregards,reuters.com,1
US,Bernie Sanders,disregards,thewrap.com,1
US,Bernie Sanders,disregards,truthout.org,1
US,Bernie Sanders,disregards,ucsb.edu,1
US,Bernie Sanders,disregards,ueunion.org,1
US,Bernie Sanders,disregards,wrvo.org,1
US,Bernie Sanders,values,congress.gov,106
US,Bernie Sanders,values,senate.gov,85
US,Bernie Sanders,values,house.gov,34
US,Bernie Sanders,values,time.com,29
US,Bernie Sanders,values,wikipedia*,23
US,Bernie Sanders,values,aclu.org,9
US,Bernie Sanders,values,axios.com,9
US,Bernie Sanders,values,jurist.org,8
US,Bernie Sanders,values,snopes.com,8
US,Bernie Sanders,values,thefreedomindex.org,8
US,Bernie Sanders,values,politifact.com,7
US,Bernie Sanders,values,checkyourfact.com,5
US,Bernie Sanders,values,hrc.org,5
US,Bernie Sanders,values,heritageaction.com,4
US,Bernie Sanders,values,mic.com,4
US,Bernie Sanders,values,wikimedia.org,4
US,Bernie Sanders,values,justice.gov,3
US,Bernie Sanders,values,thewrap.com,3
US,Bernie Sanders,values,uchicago.edu,3
US,Bernie Sanders,values,voteview.com,3
US,Bernie Sanders,values,crmvet.org,2
US,Bernie Sanders,values,fox13now.com,2
US,Bernie Sanders,values,gq.com,2
US,Bernie Sanders,values,legiscan.com,2
US,Bernie Sanders,values,magnumphotos.com,2
US,Bernie Sanders,values,nations-united.org,2
US,Bernie Sanders,values,stripes.com,2
US,Bernie Sanders,values,thegatewaypundit.com,2
US,Bernie Sanders,values,thenewamerican.com,2
US,Bernie Sanders,values,timesofisrael.com,2
US,Bernie Sanders,values,ucla.edu,2
US,Bernie Sanders,values,aclucalaction.org,1
US,Bernie Sanders,values,aclufl.org,1
US,Bernie Sanders,values,aclupa.org,1
US,Bernie Sanders,values,boingboing.net,1
US,Bernie Sanders,values,cbsnews.com,1
US,Bernie Sanders,values,columbia.edu,1
US,Bernie Sanders,values,commondreams.org,1
US,Bernie Sanders,values,csmonitor.com,1
US,Bernie Sanders,values,dnainfo.com,1
US,Bernie Sanders,values,educate-yourself.org,1
US,Bernie Sanders,values,fas.org,1
US,Bernie Sanders,values,global-labour.info,1
US,Bernie Sanders,values,gwu.edu,1
US,Bernie Sanders,values,harvard.edu,1
US,Bernie Sanders,values,hrw.org,1
US,Bernie Sanders,values,humanrights.bm,1
US,Bernie Sanders,values,humanrights.com,1
US,Bernie Sanders,values,ihrchq.org,1
US,Bernie Sanders,values,legalinsurrection.com,1
US,Bernie Sanders,values,nationofchange.org,1
US,Bernie Sanders,values,news9.com,1
US,Bernie Sanders,values,newyorker.com,1
US,Bernie Sanders,values,niacouncil.org,1
US,Bernie Sanders,values,numbersusa.com,1
US,Bernie Sanders,values,nypost.com,1
US,Bernie Sanders,values,pbs.org,1
US,Bernie Sanders,values,pjmedia.com,1
US,Bernie Sanders,values,prisonlegalnews.org,1
US,Bernie Sanders,values,sandersinstitute.org,1
US,Bernie Sanders,values,theguardian.com,1
US,Bernie Sanders,values,tripod.com,1
US,Bernie Sanders,values,twitchy.com,1
US,Bernie Sanders,values,un.org,1
US,Bernie Sanders,values,vanityfair.com,1
US,Bernie Sanders,values,votesmart.org,1
US,Bernie Sanders,values,washingtonpost.com,1
US,Bernie Sanders,values,weos.org,1
US,Bernie Sanders,values,wnypeace.org,1
US,Bernie Sanders,values,yale.edu,1
US,Donald Trump,disregards,wikipedia*,57
US,Donald Trump,disregards,axios.com,53
US,Donald Trump,disregards,time.com,36
US,Donald Trump,disregards,justice.gov,28
US,Donald Trump,disregards,theguardian.com,26
US,Donald Trump,disregards,amnesty*,21
US,Donald Trump,disregards,reuters.com,20
US,Donald Trump,disregards,washingtonpost.com,20
US,Donald Trump,disregards,hrw.org,18
US,Donald Trump,disregards,justia.com,17
US,Donald Trump,disregards,state.gov,16
US,Donald Trump,disregards,dhs.gov,14
US,Donald Trump,disregards,congress.gov,12
US,Donald Trump,disregards,hhs.gov,12
US,Donald Trump,disregards,clearinghouse.net,11
US,Donald Trump,disregards,oversight.gov,11
US,Donald Trump,disregards,aclu.org,10
US,Donald Trump,disregards,ohchr.org,10
US,Donald Trump,disregards,unhcr.org,9
US,Donald Trump,disregards,apnews.com,8
US,Donald Trump,disregards,hstoday.us,8
US,Donald Trump,disregards,oas.org,8
US,Donald Trump,disregards,archives.gov,6
US,Donald Trump,disregards,cbsnews.com,6
US,Donald Trump,disregards,democracynow.org,6
US,Donald Trump,disregards,cbp.gov,5
US,Donald Trump,disregards,vanityfair.com,5
US,Donald Trump,disregards,whitehouse.gov,5
US,Donald Trump,disregards,cnbc.com,4
US,Donald Trump,disregards,commondreams.org,4
US,Donald Trump,disregards,cornell.edu,4
US,Donald Trump,disregards,digitaljournal.com,4
US,Donald Trump,disregards,dw.com,4
US,Donald Trump,disregards,politico.com,4
US,Donald Trump,disregards,un.org,4
US,Donald Trump,disregards,aaup.org,3
US,Donald Trump,disregards,acludc.org,3
US,Donald Trump,disregards,aljazeera.com,3
US,Donald Trump,disregards,gq.com,3
US,Donald Trump,disregards,nycbar.org,3
US,Donald Trump,disregards,phr.org,3
US,Donald Trump,disregards,timesofsandiego.com,3
US,Donald Trump,disregards,umn.edu,3
US,Donald Trump,disregards,vlex.com,3
US,Donald Trump,disregards,aclu-sdic.org,2
US,Donald Trump,disregards,adn.com,2
US,Donald Trump,disregards,bostonglobe.com,2
US,Donald Trump,disregards,citynews.ca,2
US,Donald Trump,disregards,doi.gov,2
US,Donald Trump,disregards,immigrationforum.org,2
US,Donald Trump,disregards,lemonde.fr,2
US,Donald Trump,disregards,military.com,2
US,Donald Trump,disregards,militarytimes.com,2
US,Donald Trump,disregards,navytimes.com,2
US,Donald Trump,disregards,ndtv.com,2
US,Donald Trump,disregards,nypost.com,2
US,Donald Trump,disregards,opb.org,2
US,Donald Trump,disregards,or.jp,2
US,Donald Trump,disregards,police1.com,2
US,Donald Trump,disregards,salon.com,2
US,Donald Trump,disregards,senate.gov,2
US,Donald Trump,disregards,tasnimnews.com,2
US,Donald Trump,disregards,trust.org,2
US,Donald Trump,disregards,ucsb.edu,2
US,Donald Trump,disregards,wired.com,2
US,Donald Trump,disregards,aclu-or.org,1
US,Donald Trump,disregards,aila.org,1
US,Donald Trump,disregards,americanbar.org,1
US,Donald Trump,disregards,asylumaccess.org,1
US,Donald Trump,disregards,bibliocommons.com,1
US,Donald Trump,disregards,cambridge.org,1
US,Donald Trump,disregards,cartercenter.org,1
US,Donald Trump,disregards,catholicnewsagency.com,1
US,Donald Trump,disregards,ccrjustice.org,1
US,Donald Trump,disregards,cdc.gov,1
US,Donald Trump,disregards,cimmcw.org,1
US,Donald Trump,disregards,cnn.com,1
US,Donald Trump,disregards,columbia.edu,1
US,Donald Trump,disregards,cyrusmehta.com,1
US,Donald Trump,disregards,defensenews.com,1
US,Donald Trump,disregards,diocesetucson.org,1
US,Donald Trump,disregards,federalregister.gov,1
US,Donald Trump,disregards,fox5dc.com,1
US,Donald Trump,disregards,ft.dk,1
US,Donald Trump,disregards,gao.gov,1
US,Donald Trump,disregards,govdelivery.com,1
US,Donald Trump,disregards,guttmacher.org,1
US,Donald Trump,disregards,harvard.edu,1
US,Donald Trump,disregards,humanrightsfirst.org,1
US,Donald Trump,disregards,ielrblog.com,1
US,Donald Trump,disregards,immigrantjustice.org,1
US,Donald Trump,disregards,indstate.edu,1
US,Donald Trump,disregards,infotel.ca,1
US,Donald Trump,disregards,lavocedinewyork.com,1
US,Donald Trump,disregards,lpm.org,1
US,Donald Trump,disregards,mediabiasfactcheck.com,1
US,Donald Trump,disregards,meritalk.com,1
US,Donald Trump,disregards,nationofchange.org,1
US,Donald Trump,disregards,newyorker.com,1
US,Donald Trump,disregards,nih.gov,1
US,Donald Trump,disregards,pbs.org,1
US,Donald Trump,disregards,policy-shift.com,1
US,Donald Trump,disregards,politifact.com,1
US,Donald Trump,disregards,sdpb.org,1
US,Donald Trump,disregards,sfchronicle.com,1
US,Donald Trump,disregards,sky.com,1
US,Donald Trump,disregards,supremecourt.gov,1
US,Donald Trump,disregards,teenvogue.com,1
US,Donald Trump,disregards,the-independent.com,1
US,Donald Trump,disregards,thegatewaypundit.com,1
US,Donald Trump,disregards,thegrio.com,1
US,Donald Trump,disregards,treasury.gov,1
US,Donald Trump,disregards,twn.my,1
US,Donald Trump,disregards,unicef.org,1
US,Donald Trump,disregards,unrefugees.org,1
US,Donald Trump,disregards,upi.com,1
US,Donald Trump,disregards,uproxx.com,1
US,Donald Trump,disregards,uscp.gov,1
US,Donald Trump,disregards,wboi.org,1
US,Donald Trump,disregards,wcluradio.com,1
US,Donald Trump,disregards,welt.de,1
US,Donald Trump,disregards,who.int,1
US,Donald Trump,disregards,whrcheadquarters.org,1
US,Donald Trump,disregards,wikimedia.org,1
US,Donald Trump,disregards,wma.net,1
US,Donald Trump,disregards,xinhuanet.com,1
US,Donald Trump,values,congress.gov,71
US,Donald Trump,values,archives.gov,57
US,Donald Trump,values,wikipedia*,39
US,Donald Trump,values,treasury.gov,35
US,Donald Trump,values,ucsb.edu,29
US,Donald Trump,values,time.com,24
US,Donald Trump,values,theguardian.com,20
US,Donald Trump,values,axios.com,16
US,Donald Trump,values,reuters.com,12
US,Donald Trump,values,washingtonpost.com,10
US,Donald Trump,values,justia.com,8
US,Donald Trump,values,apnews.com,7
US,Donald Trump,values,whitehouse.gov,7
US,Donald Trump,values,senate.gov,6
US,Donald Trump,values,dhs.gov,5
US,Donald Trump,values,federalregister.gov,5
US,Donald Trump,values,house.gov,5
US,Donald Trump,values,ustr.gov,5
US,Donald Trump,values,hiv.gov,4
US,Donald Trump,values,wikisource.org,4
US,Donald Trump,values,cornell.edu,3
US,Donald Trump,values,uscirf.gov,3
US,Donald Trump,values,cbsnews.com,2
US,Donald Trump,values,dol.gov,2
US,Donald Trump,values,politico.com,2
US,Donald Trump,values,uhrp.org,2
US,Donald Trump,values,upi.com,2
US,Donald Trump,values,uschamber.com,2
US,Donald Trump,values,uyghuraa.org,2
US,Donald Trump,values,wired.com,2
US,Donald Trump,values,aa.com.tr,1
US,Donald Trump,values,aclu.org,1
US,Donald Trump,values,acton.org,1
US,Donald Trump,values,adfinternational.org,1
US,Donald Trump,values,advocatetanmoy.com,1
US,Donald Trump,values,ala.org,1
US,Donald Trump,values,aleteia.org,1
US,Donald Trump,values,aljazeera.com,1
US,Donald Trump,values,americamagazine.org,1
US,Donald Trump,values,amnesty*,1
US,Donald Trump,values,anca.org,1
US,Donald Trump,values,catholicnewsagency.com,1
US,Donald Trump,values,catholicnewsworld.com,1
US,Donald Trump,values,cdc.gov,1
US,Donald Trump,values,cnbc.com,1
US,Donald Trump,values,csis.org,1
US,Donald Trump,values,developmentaid.org,1
US,Donald Trump,values,dfc.gov,1
US,Donald Trump,values,doi.gov,1
US,Donald Trump,values,dvidshub.net,1
US,Donald Trump,values,elaws.us,1
US,Donald Trump,values,framinghamsource.com,1
US,Donald Trump,values,ft.com,1
US,Donald Trump,values,humanrightsfirst.org,1
US,Donald Trump,values,justice.gov,1
US,Donald Trump,values,legiscan.com,1
US,Donald Trump,values,nasa.gov,1
US,Donald Trump,values,natap.org,1
US,Donald Trump,values,ojp.gov,1
US,Donald Trump,values,politifact.com,1
US,Donald Trump,values,pressbooks.pub,1
US,Donald Trump,values,rfa.org,1
US,Donald Trump,values,rollcall.com,1
US,Donald Trump,values,stanford.edu,1
US,Donald Trump,values,stlouisfed.org,1
US,Donald Trump,values,takingactionforgood.org,1
US,Donald Trump,values,thesimonscenter.org,1
US,Donald Trump,values,trentonmonitor.com,1
US,Donald Trump,values,vanityfair.com,1
US,Donald Trump,values,voa.gov,1
US,Elizabeth Warren,disregards,aclu.org,34
US,Elizabeth Warren,disregards,senate.gov,29
US,Elizabeth Warren,disregards,hrw.org,11
US,Elizabeth Warren,disregards,wikipedia*,10
US,Elizabeth Warren,disregards,congress.gov,8
US,Elizabeth Warren,disregards,reddit.com,5
US,Elizabeth Warren,disregards,reuters.com,5
US,Elizabeth Warren,disregards,heritageaction.com,4
US,Elizabeth Warren,disregards,hrc.org,4
US,Elizabeth Warren,disregards,naacp.org,3
US,Elizabeth Warren,disregards,nypost.com,3
US,Elizabeth Warren,disregards,aclucalaction.org,2
US,Elizabeth Warren,disregards,aclupa.org,2
US,Elizabeth Warren,disregards,axios.com,2
US,Elizabeth Warren,disregards,democracynow.org,2
US,Elizabeth Warren,disregards,aclufl.org,1
US,Elizabeth Warren,disregards,boston.com,1
US,Elizabeth Warren,disregards,bostonglobe.com,1
US,Elizabeth Warren,disregards,com.sa,1
US,Elizabeth Warren,disregards,govinfo.gov,1
US,Elizabeth Warren,disregards,imeupolicyproject.org,1
US,Elizabeth Warren,disregards,jns.org,1
US,Elizabeth Warren,disregards,legiscan.com,1
US,Elizabeth Warren,disregards,thefreedomindex.org,1
US,Elizabeth Warren,disregards,theguardian.com,1
US,Elizabeth Warren,disregards,thelugarcenter.org,1
US,Elizabeth Warren,disregards,timesofisrael.com,1
US,Elizabeth Warren,disregards,wbur.org,1
US,Elizabeth Warren,values,congress.gov,130
US,Elizabeth Warren,values,senate.gov,103
US,Elizabeth Warren,values,aclu.org,36
US,Elizabeth Warren,values,hrc.org,27
US,Elizabeth Warren,values,wikipedia*,19
US,Elizabeth Warren,values,axios.com,14
US,Elizabeth Warren,values,pluralpolicy.com,9
US,Elizabeth Warren,values,legiscan.com,7
US,Elizabeth Warren,values,reddit.com,7
US,Elizabeth Warren,values,heritageaction.com,5
US,Elizabeth Warren,values,house.gov,5
US,Elizabeth Warren,values,imeupolicyproject.org,5
US,Elizabeth Warren,values,time.com,4
US,Elizabeth Warren,values,uhrp.org,4
US,Elizabeth Warren,values,centeractionfund.org,3
US,Elizabeth Warren,values,aclufl.org,2
US,Elizabeth Warren,values,aclupa.org,2
US,Elizabeth Warren,values,concernedwomen.org,2
US,Elizabeth Warren,values,plannedparenthoodaction.org,2
US,Elizabeth Warren,values,theguardian.com,2
US,Elizabeth Warren,values,ucsb.edu,2
US,Elizabeth Warren,values,aclucalaction.org,1
US,Elizabeth Warren,values,anca.org,1
US,Elizabeth Warren,values,bostonglobe.com,1
US,Elizabeth Warren,values,cbsnews.com,1
US,Elizabeth Warren,values,cfequality.org,1
US,Elizabeth Warren,values,civilrights.org,1
US,Elizabeth Warren,values,elizabethwarren.com,1
US,Elizabeth Warren,values,fp4america.org,1
US,Elizabeth Warren,values,freedomfirstsociety.org,1
US,Elizabeth Warren,values,goldenagerising.com,1
US,Elizabeth Warren,values,govinfo.gov,1
US,Elizabeth Warren,values,harvard.edu,1
US,Elizabeth Warren,values,iaproject.org,1
US,Elizabeth Warren,values,naacp.org,1
US,Elizabeth Warren,values,naacpldf.org,1
US,Elizabeth Warren,values,narfe.org,1
US,Elizabeth Warren,values,nasdaq.com,1
US,Elizabeth Warren,values,nationofchange.org,1
US,Elizabeth Warren,values,pitchfork.com,1
US,Elizabeth Warren,values,policeofficersdefensecoalition.com,1
US,Elizabeth Warren,values,teenvogue.com,1
US,Elizabeth Warren,values,thelugarcenter.org,1
US,Hakeem Jeffries,disregards,house.gov,173
US,Hakeem Jeffries,disregards,congress.gov,60
US,Hakeem Jeffries,disregards,theguardian.com,17
US,Hakeem Jeffries,disregards,nypost.com,15
US,Hakeem Jeffries,disregards,axios.com,14
US,Hakeem Jeffries,disregards,senate.gov,14
US,Hakeem Jeffries,disregards,aclu.org,12
US,Hakeem Jeffries,disregards,wikipedia*,12
US,Hakeem Jeffries,disregards,legiscan.com,10
US,Hakeem Jeffries,disregards,reuters.com,9
US,Hakeem Jeffries,disregards,apnews.com,8
US,Hakeem Jeffries,disregards,govinfo.gov,6
US,Hakeem Jeffries,disregards,rollcall.com,6
US,Hakeem Jeffries,disregards,aflcio.org,5
US,Hakeem Jeffries,disregards,amnesty*,5
US,Hakeem Jeffries,disregards,jns.org,5
US,Hakeem Jeffries,disregards,nysun.com,5
US,Hakeem Jeffries,disregards,thefreedomindex.org,5
US,Hakeem Jeffries,disregards,eff.org,4
US,Hakeem Jeffries,disregards,votesmart.org,4
US,Hakeem Jeffries,disregards,dems.gov,3
US,Hakeem Jeffries,disregards,hrw.org,3
US,Hakeem Jeffries,disregards,marketwatch.com,3
US,Hakeem Jeffries,disregards,politico.com,3
US,Hakeem Jeffries,disregards,theverge.com,3
US,Hakeem Jeffries,disregards,ucsb.edu,3
US,Hakeem Jeffries,disregards,wsj.com,3
US,Hakeem Jeffries,disregards,advancingjustice-aajc.org,2
US,Hakeem Jeffries,disregards,justice.gov,2
US,Hakeem Jeffries,disregards,them.us,2
US,Hakeem Jeffries,disregards,thenewamerican.com,2
US,Hakeem Jeffries,disregards,ac.uk,1
US,Hakeem Jeffries,disregards,ajc.com,1
US,Hakeem Jeffries,disregards,americansforprosperity.org,1
US,Hakeem Jeffries,disregards,blogspot.com,1
US,Hakeem Jeffries,disregards,cbsnews.com,1
US,Hakeem Jeffries,disregards,civilrights.org,1
US,Hakeem Jeffries,disregards,clearinghouse.net,1
US,Hakeem Jeffries,disregards,ejpress.org,1
US,Hakeem Jeffries,disregards,fastdemocracy.com,1
US,Hakeem Jeffries,disregards,hakeemjeffries.com,1
US,Hakeem Jeffries,disregards,justthenews.com,1
US,Hakeem Jeffries,disregards,lawfaremedia.org,1
US,Hakeem Jeffries,disregards,maghrebi.org,1
US,Hakeem Jeffries,disregards,ncleg.gov,1
US,Hakeem Jeffries,disregards,perkinscoie.com,1
US,Hakeem Jeffries,disregards,pluralpolicy.com,1
US,Hakeem Jeffries,disregards,tbsnews.net,1
US,Hakeem Jeffries,disregards,theconservativetreehouse.com,1
US,Hakeem Jeffries,disregards,thenyledger.com,1
US,Hakeem Jeffries,disregards,timesofisrael.com,1
US,Hakeem Jeffries,disregards,uhrp.org,1
US,Hakeem Jeffries,disregards,wired.com,1
US,Hakeem Jeffries,disregards,wjbc.com,1
US,Hakeem Jeffries,disregards,wordpress.com,1
US,Hakeem Jeffries,values,house.gov,196
US,Hakeem Jeffries,values,congress.gov,141
US,Hakeem Jeffries,values,wikipedia*,29
US,Hakeem Jeffries,values,axios.com,25
US,Hakeem Jeffries,values,hrc.org,17
US,Hakeem Jeffries,values,aflcio.org,10
US,Hakeem Jeffries,values,senate.gov,9
US,Hakeem Jeffries,values,votesmart.org,9
US,Hakeem Jeffries,values,aclu.org,8
US,Hakeem Jeffries,values,govinfo.gov,7
US,Hakeem Jeffries,values,nypost.com,7
US,Hakeem Jeffries,values,reuters.com,5
US,Hakeem Jeffries,values,freedomhouse.org,4
US,Hakeem Jeffries,values,theguardian.com,4
US,Hakeem Jeffries,values,uhrp.org,4
US,Hakeem Jeffries,values,ncleg.gov,3
US,Hakeem Jeffries,values,apnews.com,2
US,Hakeem Jeffries,values,congressball.com,2
US,Hakeem Jeffries,values,dems.gov,2
US,Hakeem Jeffries,values,globenewswire.com,2
US,Hakeem Jeffries,values,ucsb.edu,2
US,Hakeem Jeffries,values,aldianews.com,1
US,Hakeem Jeffries,values,caribbeanlife.com,1
US,Hakeem Jeffries,values,civilrights.org,1
US,Hakeem Jeffries,values,cpj.org,1
US,Hakeem Jeffries,values,csce.gov,1
US,Hakeem Jeffries,values,cwa-union.org,1
US,Hakeem Jeffries,values,eeoc.gov,1
US,Hakeem Jeffries,values,fastdemocracy.com,1
US,Hakeem Jeffries,values,first72plus.org,1
US,Hakeem Jeffries,values,heritageaction.com,1
US,Hakeem Jeffries,values,lwv.org,1
US,Hakeem Jeffries,values,napo.org,1
US,Hakeem Jeffries,values,niwrc.org,1
US,Hakeem Jeffries,values,ny1.com,1
US,Hakeem Jeffries,values,nyu.edu,1
US,Hakeem Jeffries,values,revolt.tv,1
US,Hakeem Jeffries,values,rollcall.com,1
US,Hakeem Jeffries,values,stateofblackamerica.org,1
US,Hakeem Jeffries,values,thedailybeast.com,1
US,Hakeem Jeffries,values,thefreedomindex.org,1
US,Hakeem Jeffries,values,them.us,1
US,Hakeem Jeffries,values,tpaction.com,1
US,Hakeem Jeffries,values,transparency.org,1
US,Hakeem Jeffries,values,uscirf.gov,1
US,Hakeem Jeffries,values,vanityfair.com,1
US,Hakeem Jeffries,values,wuga.org,1
US,JD Vance,disregards,wikipedia*,109
US,JD Vance,disregards,congress.gov,65
US,JD Vance,disregards,theguardian.com,35
US,JD Vance,disregards,senate.gov,32
US,JD Vance,disregards,apnews.com,22
US,JD Vance,disregards,reuters.com,18
US,JD Vance,disregards,who.int,17
US,JD Vance,disregards,washingtonpost.com,14
US,JD Vance,disregards,politico.com,13
US,JD Vance,disregards,politifact.com,13
US,JD Vance,disregards,vanityfair.com,13
US,JD Vance,disregards,cbsnews.com,12
US,JD Vance,disregards,nypost.com,12
US,JD Vance,disregards,hrw.org,11
US,JD Vance,disregards,ama-assn.org,9
US,JD Vance,disregards,ohchr.org,9
US,JD Vance,disregards,people.com,9
US,JD Vance,disregards,un.org,9
US,JD Vance,disregards,aap.org,8
US,JD Vance,disregards,newsweek.com,8
US,JD Vance,disregards,unhcr.org,7
US,JD Vance,disregards,axios.com,5
US,JD Vance,disregards,lgbtqnation.com,5
US,JD Vance,disregards,ohiocapitaljournal.com,5
US,JD Vance,disregards,reddit.com,5
US,JD Vance,disregards,snopes.com,5
US,JD Vance,disregards,inkl.com,4
US,JD Vance,disregards,pbs.org,4
US,JD Vance,disregards,the-express.com,4
US,JD Vance,disregards,umn.edu,4
US,JD Vance,disregards,cnn.com,3
US,JD Vance,disregards,com.au,3
US,JD Vance,disregards,europa.eu,3
US,JD Vance,disregards,ipas.org,3
US,JD Vance,disregards,oas.org,3
US,JD Vance,disregards,thedailybeast.com,3
US,JD Vance,disregards,them.us,3
US,JD Vance,disregards,thepinknews.com,3
US,JD Vance,disregards,time.com,3
US,JD Vance,disregards,wral.com,3
US,JD Vance,disregards,abc17news.com,2
US,JD Vance,disregards,americanjournalnews.com,2
US,JD Vance,disregards,businessinsider.com,2
US,JD Vance,disregards,cglj.org,2
US,JD Vance,disregards,dailykos.com,2
US,JD Vance,disregards,dailysignal.com,2
US,JD Vance,disregards,edgemedianetwork.com,2
US,JD Vance,disregards,goodmorningamerica.com,2
US,JD Vance,disregards,ippf.org,2
US,JD Vance,disregards,justsecurity.org,2
US,JD Vance,disregards,legiscan.com,2
US,JD Vance,disregards,lifenews.com,2
US,JD Vance,disregards,lyrhub.com,2
US,JD Vance,disregards,lyricstranslate.com,2
US,JD Vance,disregards,meaww.com,2
US,JD Vance,disregards,mediamatters.org,2
US,JD Vance,disregards,ontheissues.org,2
US,JD Vance,disregards,presidentialprayerteam.org,2
US,JD Vance,disregards,scribd.com,2
US,JD Vance,disregards,slideshare.net,2
US,JD Vance,disregards,synology.me,2
US,JD Vance,disregards,teepublic.com,2
US,JD Vance,disregards,washingtonexaminer.com,2
US,JD Vance,disregards,whitehouse.gov,2
US,JD Vance,disregards,aa.com.tr,1
US,JD Vance,disregards,aacap.org,1
US,JD Vance,disregards,abc7.com,1
US,JD Vance,disregards,abc7chicago.com,1
US,JD Vance,disregards,aclu.org,1
US,JD Vance,disregards,aljazeera.com,1
US,JD Vance,disregards,americamagazine.org,1
US,JD Vance,disregards,ap.org,1
US,JD Vance,disregards,arxiv.org,1
US,JD Vance,disregards,asil.org,1
US,JD Vance,disregards,attitude.co.uk,1
US,JD Vance,disregards,au.int,1
US,JD Vance,disregards,benzinga.com,1
US,JD Vance,disregards,biologicalintegrity.org,1
US,JD Vance,disregards,bizpacreview.com,1
US,JD Vance,disregards,catholic365.com,1
US,JD Vance,disregards,catholicnewsagency.com,1
US,JD Vance,disregards,catholicvote.org,1
US,JD Vance,disregards,citizen-news.org,1
US,JD Vance,disregards,cmda.org,1
US,JD Vance,disregards,co.kr,1
US,JD Vance,disregards,com.pk,1
US,JD Vance,disregards,coveralia.com,1
US,JD Vance,disregards,dailycaller.com,1
US,JD Vance,disregards,dailywire.com,1
US,JD Vance,disregards,dawn.com,1
US,JD Vance,disregards,dccc.org,1
US,JD Vance,disregards,gaysonoma.com,1
US,JD Vance,disregards,gaytimes.com,1
US,JD Vance,disregards,glaad.org,1
US,JD Vance,disregards,globalhealthrights.org,1
US,JD Vance,disregards,globalimmigrationblog.com,1
US,JD Vance,disregards,go.kr,1
US,JD Vance,disregards,gomag.com,1
US,JD Vance,disregards,governance4id.org,1
US,JD Vance,disregards,hhrjournal.org,1
US,JD Vance,disregards,house.gov,1
US,JD Vance,disregards,hrc.org,1
US,JD Vance,disregards,hrcun.uno,1
US,JD Vance,disregards,humanisminscotland.org,1
US,JD Vance,disregards,humanrights-drugpolicy.org,1
US,JD Vance,disregards,humanrights.com,1
US,JD Vance,disregards,independent.co.uk,1
US,JD Vance,disregards,indianexpress.com,1
US,JD Vance,disregards,infotel.ca,1
US,JD Vance,disregards,irla.org,1
US,JD Vance,disregards,keyt.com,1
US,JD Vance,disregards,kpbs.org,1
US,JD Vance,disregards,ksat.com,1
US,JD Vance,disregards,ktvz.com,1
US,JD Vance,disregards,kyivindependent.com,1
US,JD Vance,disregards,kyivpost.com,1
US,JD Vance,disregards,mpac.org,1
US,JD Vance,disregards,myrepertuar.com,1
US,JD Vance,disregards,nations-united.org,1
US,JD Vance,disregards,ndtv.com,1
US,JD Vance,disregards,net.au,1
US,JD Vance,disregards,newrepublic.com,1
US,JD Vance,disregards,news4jax.com,1
US,JD Vance,disregards,newsmax.com,1
US,JD Vance,disregards,newyorker.com,1
US,JD Vance,disregards,nih.gov,1
US,JD Vance,disregards,npr.org,1
US,JD Vance,disregards,nuernberg.de,1
US,JD Vance,disregards,oann.com,1
US,JD Vance,disregards,opb.org,1
US,JD Vance,disregards,opiniojuris.org,1
US,JD Vance,disregards,ordoiuris.pl,1
US,JD Vance,disregards,org.pl,1
US,JD Vance,disregards,oup.com,1
US,JD Vance,disregards,oursplatform.org,1
US,JD Vance,disregards,pjmedia.com,1
US,JD Vance,disregards,politico.eu,1
US,JD Vance,disregards,poynter.org,1
US,JD Vance,disregards,presstv.ir,1
US,JD Vance,disregards,right-docs.org,1
US,JD Vance,disregards,rollcall.com,1
US,JD Vance,disregards,sandhillsexpress.com,1
US,JD Vance,disregards,scstatehouse.gov,1
US,JD Vance,disregards,sidiblog.org,1
US,JD Vance,disregards,spectrumnews1.com,1
US,JD Vance,disregards,statenews.org,1
US,JD Vance,disregards,straitstimes.com,1
US,JD Vance,disregards,studentdoctor.net,1
US,JD Vance,disregards,the-independent.com,1
US,JD Vance,disregards,thegatewaypundit.com,1
US,JD Vance,disregards,thelantern.com,1
US,JD Vance,disregards,thenewamerican.com,1
US,JD Vance,disregards,thestatesman.com,1
US,JD Vance,disregards,theverge.com,1
US,JD Vance,disregards,thewrap.com,1
US,JD Vance,disregards,tibetjustice.org,1
US,JD Vance,disregards,unfpa.org,1
US,JD Vance,disregards,universal-rights.org,1
US,JD Vance,disregards,usccb.org,1
US,JD Vance,disregards,vatican.va,1
US,JD Vance,disregards,vaticannews.va,1
US,JD Vance,disregards,vice.com,1
US,JD Vance,disregards,visaverge.com,1
US,JD Vance,disregards,voz.us,1
US,JD Vance,disregards,vpm.org,1
US,JD Vance,disregards,washingtonblade.com,1
US,JD Vance,disregards,wmal.com,1
US,JD Vance,disregards,wnypeace.org,1
US,JD Vance,disregards,wordpress.com,1
US,JD Vance,disregards,y94.com,1
US,JD Vance,values,congress.gov,124
US,JD Vance,values,senate.gov,67
US,JD Vance,values,wikipedia*,43
US,JD Vance,values,nypost.com,18
US,JD Vance,values,theguardian.com,17
US,JD Vance,values,politico.com,13
US,JD Vance,values,apnews.com,12
US,JD Vance,values,cnbc.com,7
US,JD Vance,values,legiscan.com,7
US,JD Vance,values,washingtonpost.com,5
US,JD Vance,values,house.gov,4
US,JD Vance,values,morningjournalnews.com,4
US,JD Vance,values,reuters.com,4
US,JD Vance,values,wvxu.org,4
US,JD Vance,values,cbsnews.com,3
US,JD Vance,values,ft.com,3
US,JD Vance,values,legistorm.com,3
US,JD Vance,values,realclearpolitics.com,3
US,JD Vance,values,timesofisrael.com,3
US,JD Vance,values,uhrp.org,3
US,JD Vance,values,vanityfair.com,3
US,JD Vance,values,whitehouse.gov,3
US,JD Vance,values,americanrhetoric.com,2
US,JD Vance,values,axios.com,2
US,JD Vance,values,buckeyereporter.com,2
US,JD Vance,values,cleveland19.com,2
US,JD Vance,values,eenews.net,2
US,JD Vance,values,glaad.org,2
US,JD Vance,values,jenniferrobin.gallery,2
US,JD Vance,values,jta.org,2
US,JD Vance,values,lemonde.fr,2
US,JD Vance,values,ncregister.com,2
US,JD Vance,values,theverge.com,2
US,JD Vance,values,ca.gov,1
US,JD Vance,values,castla.org,1
US,JD Vance,values,digitaldemocracyproject.org,1
US,JD Vance,values,ed.gov,1
US,JD Vance,values,edgemedianetwork.com,1
US,JD Vance,values,eurochicago.com,1
US,JD Vance,values,ew.com,1
US,JD Vance,values,fox19.com,1
US,JD Vance,values,ijm.org,1
US,JD Vance,values,independent.co.uk,1
US,JD Vance,values,malegislature.gov,1
US,JD Vance,values,marchforlife.org,1
US,JD Vance,values,newbostonpost.com,1
US,JD Vance,values,newsmax.com,1
US,JD Vance,values,newsrael.com,1
US,JD Vance,values,oann.com,1
US,JD Vance,values,redstate.com,1
US,JD Vance,values,reviewonline.com,1
US,JD Vance,values,rnla.org,1
US,JD Vance,values,scstatehouse.gov,1
US,JD Vance,values,sfgate.com,1
US,JD Vance,values,thecrimson.com,1
US,JD Vance,values,thetimes.co.uk,1
US,JD Vance,values,timesleaderonline.com,1
US,JD Vance,values,twitter.com,1
US,JD Vance,values,uspresidentialelectionnews.com,1
US,JD Vance,values,va.us,1
US,JD Vance,values,wcpo.com,1
US,JD Vance,values,wdtv.com,1
US,JD Vance,values,wsls.com,1
US,JD Vance,values,wyso.org,1
US,JD Vance,values,ynetnews.com,1
US,Joe Biden,disregards,theguardian.com,38
US,Joe Biden,disregards,reuters.com,36
US,Joe Biden,disregards,hrw.org,31
US,Joe Biden,disregards,apnews.com,27
US,Joe Biden,disregards,state.gov,24
US,Joe Biden,disregards,aclu.org,23
US,Joe Biden,disregards,amnesty*,21
US,Joe Biden,disregards,aljazeera.com,19
US,Joe Biden,disregards,washingtonpost.com,13
US,Joe Biden,disregards,politico.com,12
US,Joe Biden,disregards,wikipedia*,12
US,Joe Biden,disregards,axios.com,9
US,Joe Biden,disregards,cnbc.com,9
US,Joe Biden,disregards,un.org,9
US,Joe Biden,disregards,senate.gov,8
US,Joe Biden,disregards,congress.gov,7
US,Joe Biden,disregards,justia.com,7
US,Joe Biden,disregards,nypost.com,6
US,Joe Biden,disregards,timesofisrael.com,6
US,Joe Biden,disregards,archives.gov,5
US,Joe Biden,disregards,time.com,5
US,Joe Biden,disregards,armscontrol.org,4
US,Joe Biden,disregards,defense.gov,4
US,Joe Biden,disregards,dw.com,4
US,Joe Biden,disregards,icj-cij.org,4
US,Joe Biden,disregards,lemonde.fr,4
US,Joe Biden,disregards,or.jp,4
US,Joe Biden,disregards,anews.com.tr,3
US,Joe Biden,disregards,cbsnews.com,3
US,Joe Biden,disregards,ccrjustice.org,3
US,Joe Biden,disregards,cpj.org,3
US,Joe Biden,disregards,dhs.gov,3
US,Joe Biden,disregards,eff.org,3
US,Joe Biden,disregards,freedomhouse.org,3
US,Joe Biden,disregards,house.gov,3
US,Joe Biden,disregards,internationalpolicy.org,3
US,Joe Biden,disregards,arstechnica.com,2
US,Joe Biden,disregards,civiliansinconflict.org,2
US,Joe Biden,disregards,com.sa,2
US,Joe Biden,disregards,commondreams.org,2
US,Joe Biden,disregards,malaymail.com,2
US,Joe Biden,disregards,military.com,2
US,Joe Biden,disregards,net.au,2
US,Joe Biden,disregards,tass.com,2
US,Joe Biden,disregards,thenationalnews.com,2
US,Joe Biden,disregards,uclawsf.edu,2
US,Joe Biden,disregards,usccb.org,2
US,Joe Biden,disregards,uscpraction.org,2
US,Joe Biden,disregards,whitehouse.gov,2
US,Joe Biden,disregards,aa.com.tr,1
US,Joe Biden,disregards,aawsat.com,1
US,Joe Biden,disregards,acludc.org,1
US,Joe Biden,disregards,alarabiya.net,1
US,Joe Biden,disregards,americanimmigrationcouncil.org,1
US,Joe Biden,disregards,armstradelitigationmonitor.org,1
US,Joe Biden,disregards,bizlegalservices.com,1
US,Joe Biden,disregards,bpr.org,1
US,Joe Biden,disregards,brennancenter.org,1
US,Joe Biden,disregards,business-humanrights.org,1
US,Joe Biden,disregards,cambridge.org,1
US,Joe Biden,disregards,charityandsecurity.org,1
US,Joe Biden,disregards,clearinghouse.net,1
US,Joe Biden,disregards,cnn.com,1
US,Joe Biden,disregards,countercurrents.org,1
US,Joe Biden,disregards,dawn.com,1
US,Joe Biden,disregards,defenseone.com,1
US,Joe Biden,disregards,e4a.fr,1
US,Joe Biden,disregards,fcnl.org,1
US,Joe Biden,disregards,fdd.org,1
US,Joe Biden,disregards,flavor365.com,1
US,Joe Biden,disregards,govconwire.com,1
US,Joe Biden,disregards,ijdh.org,1
US,Joe Biden,disregards,immigrantjustice.org,1
US,Joe Biden,disregards,immigrationjustice.us,1
US,Joe Biden,disregards,immigrationusa.com,1
US,Joe Biden,disregards,interfaithimmigration.org,1
US,Joe Biden,disregards,israelhayom.com,1
US,Joe Biden,disregards,jns.org,1
US,Joe Biden,disregards,justice.gov,1
US,Joe Biden,disregards,kclu.org,1
US,Joe Biden,disregards,kpbs.org,1
US,Joe Biden,disregards,madamasr.com,1
US,Joe Biden,disregards,meaa.org,1
US,Joe Biden,disregards,mideastdc.org,1
US,Joe Biden,disregards,ndtv.com,1
US,Joe Biden,disregards,npr.org,1
US,Joe Biden,disregards,org.eg,1
US,Joe Biden,disregards,pbs.org,1
US,Joe Biden,disregards,pen.org,1
US,Joe Biden,disregards,people.cn,1
US,Joe Biden,disregards,presstv.ir,1
US,Joe Biden,disregards,refugees.org,1
US,Joe Biden,disregards,refworld.org,1
US,Joe Biden,disregards,sky.com,1
US,Joe Biden,disregards,slimbouras.com,1
US,Joe Biden,disregards,stopspying.org,1
US,Joe Biden,disregards,theverge.com,1
US,Joe Biden,disregards,timep.org,1
US,Joe Biden,disregards,tracreports.org,1
US,Joe Biden,disregards,ukrainetoday.org,1
US,Joe Biden,disregards,unhcr.org,1
US,Joe Biden,disregards,unognewsroom.org,1
US,Joe Biden,disregards,upi.com,1
US,Joe Biden,disregards,voz.us,1
US,Joe Biden,disregards,war.gov,1
US,Joe Biden,disregards,wjct.org,1
US,Joe Biden,disregards,wola.org,1
US,Joe Biden,disregards,wrmea.org,1
US,Joe Biden,disregards,wrvo.org,1
US,Joe Biden,disregards,y94.com,1
US,Joe Biden,disregards,yemenmonitor.com,1
US,Joe Biden,values,archives.gov,87
US,Joe Biden,values,state.gov,83
US,Joe Biden,values,whitehouse.gov,58
US,Joe Biden,values,wikipedia*,53
US,Joe Biden,values,axios.com,51
US,Joe Biden,values,theguardian.com,34
US,Joe Biden,values,ucsb.edu,34
US,Joe Biden,values,reuters.com,32
US,Joe Biden,values,congress.gov,28
US,Joe Biden,values,apnews.com,25
US,Joe Biden,values,washingtonpost.com,23
US,Joe Biden,values,cnbc.com,15
US,Joe Biden,values,time.com,14
US,Joe Biden,values,aljazeera.com,12
US,Joe Biden,values,treasury.gov,11
US,Joe Biden,values,them.us,10
US,Joe Biden,values,hrw.org,8
US,Joe Biden,values,justice.gov,8
US,Joe Biden,values,politico.com,7
US,Joe Biden,values,dhs.gov,6
US,Joe Biden,values,house.gov,6
US,Joe Biden,values,senate.gov,6
US,Joe Biden,values,upi.com,6
US,Joe Biden,values,as.com,5
US,Joe Biden,values,nypost.com,5
US,Joe Biden,values,vanityfair.com,5
US,Joe Biden,values,cambridge.org,4
US,Joe Biden,values,dw.com,4
US,Joe Biden,values,justiceinitiative.org,4
US,Joe Biden,values,aa.com.tr,3
US,Joe Biden,values,cbp.gov,3
US,Joe Biden,values,globalsecurity.org,3
US,Joe Biden,values,politifact.com,3
US,Joe Biden,values,wsj.com,3
US,Joe Biden,values,aclu.org,2
US,Joe Biden,values,aila.org,2
US,Joe Biden,values,alqst.org,2
US,Joe Biden,values,amnesty*,2
US,Joe Biden,values,business-standard.com,2
US,Joe Biden,values,csis.org,2
US,Joe Biden,values,dmi-ida.org,2
US,Joe Biden,values,freedomhouse.org,2
US,Joe Biden,values,govdelivery.com,2
US,Joe Biden,values,intel.gov,2
US,Joe Biden,values,justia.com,2
US,Joe Biden,values,kawc.org,2
US,Joe Biden,values,ksl.com,2
US,Joe Biden,values,ndtv.com,2
US,Joe Biden,values,pbs.org,2
US,Joe Biden,values,self.com,2
US,Joe Biden,values,teenvogue.com,2
US,Joe Biden,values,uscirf.gov,2
US,Joe Biden,values,ustr.gov,2
US,Joe Biden,values,vogue.com,2
US,Joe Biden,values,alarabiya.net,1
US,Joe Biden,values,americanprogress.org,1
US,Joe Biden,values,armscontrol.org,1
US,Joe Biden,values,berkeley.edu,1
US,Joe Biden,values,bpr.org,1
US,Joe Biden,values,cbsnews.com,1
US,Joe Biden,values,cfjustice.org,1
US,Joe Biden,values,cgtn.com,1
US,Joe Biden,values,change.org,1
US,Joe Biden,values,clearinghouse.net,1
US,Joe Biden,values,cnxus.org,1
US,Joe Biden,values,com.au,1
US,Joe Biden,values,cornell.edu,1
US,Joe Biden,values,csce.gov,1
US,Joe Biden,values,dni.gov,1
US,Joe Biden,values,dsv.com,1
US,Joe Biden,values,ecoi.net,1
US,Joe Biden,values,eurasiareview.com,1
US,Joe Biden,values,euromaidanpress.com,1
US,Joe Biden,values,euronews.com,1
US,Joe Biden,values,europa.eu,1
US,Joe Biden,values,federalregister.gov,1
US,Joe Biden,values,go.com,1
US,Joe Biden,values,gov.cn,1
US,Joe Biden,values,hespress.com,1
US,Joe Biden,values,indiatimes.com,1
US,Joe Biden,values,irs.gov,1
US,Joe Biden,values,jhu.edu,1
US,Joe Biden,values,jurist.org,1
US,Joe Biden,values,justiceroundtable.org,1
US,Joe Biden,values,keyt.com,1
US,Joe Biden,values,ksat.com,1
US,Joe Biden,values,lawfaremedia.org,1
US,Joe Biden,values,lemonde.fr,1
US,Joe Biden,values,military.africa,1
US,Joe Biden,values,naacpldf.org,1
US,Joe Biden,values,nclrights.org,1
US,Joe Biden,values,net.au,1
US,Joe Biden,values,newyorker.com,1
US,Joe Biden,values,people.com,1
US,Joe Biden,values,presidentialprayerteam.org,1
US,Joe Biden,values,reddit.com,1
US,Joe Biden,values,regulations.gov,1
US,Joe Biden,values,revolt.tv,1
US,Joe Biden,values,rfa.org,1
US,Joe Biden,values,snhr.org,1
US,Joe Biden,values,srhrforall.org,1
US,Joe Biden,values,theblackvault.com,1
US,Joe Biden,values,thenationalnews.com,1
US,Joe Biden,values,thetaskforce.org,1
US,Joe Biden,values,timesofisrael.com,1
US,Joe Biden,values,usccb.org,1
US,Joe Biden,values,ushmm.org,1
US,Joe Biden,values,wbrc.com,1
US,Joe Biden,values,wikimedia.org,1
US,Joe Biden,values,wng.org,1
US,Joe Biden,values,worldhistory.org,1
US,Joe Biden,values,wusf.org,1
US,Joe Biden,values,wypr.org,1
US,Kamala Harris,disregards,ca.gov,29
US,Kamala Harris,disregards,wikipedia*,27
US,Kamala Harris,disregards,cbsnews.com,25
US,Kamala Harris,disregards,justia.com,19
US,Kamala Harris,disregards,calmatters.org,14
US,Kamala Harris,disregards,reddit.com,14
US,Kamala Harris,disregards,washingtonexaminer.com,14
US,Kamala Harris,disregards,thegatewaypundit.com,13
US,Kamala Harris,disregards,washingtonpost.com,12
US,Kamala Harris,disregards,axios.com,10
US,Kamala Harris,disregards,nypost.com,9
US,Kamala Harris,disregards,eenews.net,8
US,Kamala Harris,disregards,findlaw.com,8
US,Kamala Harris,disregards,phoenixnewtimes.com,8
US,Kamala Harris,disregards,factcheck.org,7
US,Kamala Harris,disregards,gvwire.com,7
US,Kamala Harris,disregards,kqed.org,7
US,Kamala Harris,disregards,politifact.com,7
US,Kamala Harris,disregards,prisonlegalnews.org,7
US,Kamala Harris,disregards,reuters.com,7
US,Kamala Harris,disregards,senate.gov,7
US,Kamala Harris,disregards,pressdemocrat.com,6
US,Kamala Harris,disregards,theappeal.org,6
US,Kamala Harris,disregards,thedailybeast.com,6
US,Kamala Harris,disregards,congress.gov,5
US,Kamala Harris,disregards,davisvanguard.org,5
US,Kamala Harris,disregards,hotair.com,5
US,Kamala Harris,disregards,nationofchange.org,5
US,Kamala Harris,disregards,pbs.org,5
US,Kamala Harris,disregards,wral.com,5
US,Kamala Harris,disregards,aclu.org,4
US,Kamala Harris,disregards,americarisingpac.org,4
US,Kamala Harris,disregards,apnews.com,4
US,Kamala Harris,disregards,khsu.org,4
US,Kamala Harris,disregards,kpbs.org,4
US,Kamala Harris,disregards,muckrock.com,4
US,Kamala Harris,disregards,ontheissues.org,4
US,Kamala Harris,disregards,reason.com,4
US,Kamala Harris,disregards,theguardian.com,4
US,Kamala Harris,disregards,themarshallproject.org,4
US,Kamala Harris,disregards,thinkprogress.org,4
US,Kamala Harris,disregards,townhall.com,4
US,Kamala Harris,disregards,casemine.com,3
US,Kamala Harris,disregards,cnn.com,3
US,Kamala Harris,disregards,democracynow.org,3
US,Kamala Harris,disregards,eff.org,3
US,Kamala Harris,disregards,gigafact.org,3
US,Kamala Harris,disregards,govinfo.gov,3
US,Kamala Harris,disregards,keranews.org,3
US,Kamala Harris,disregards,redstate.com,3
US,Kamala Harris,disregards,time.com,3
US,Kamala Harris,disregards,washingtonblade.com,3
US,Kamala Harris,disregards,allgov.com,2
US,Kamala Harris,disregards,arstechnica.com,2
US,Kamala Harris,disregards,californiasunday.com,2
US,Kamala Harris,disregards,clearinghouse.net,2
US,Kamala Harris,disregards,cnbc.com,2
US,Kamala Harris,disregards,corrections1.com,2
US,Kamala Harris,disregards,dailykos.com,2
US,Kamala Harris,disregards,ericgoldman.org,2
US,Kamala Harris,disregards,firerescue1.com,2
US,Kamala Harris,disregards,ft.com,2
US,Kamala Harris,disregards,gov1.com,2
US,Kamala Harris,disregards,infotel.ca,2
US,Kamala Harris,disregards,joemessina.com,2
US,Kamala Harris,disregards,kbia.org,2
US,Kamala Harris,disregards,keyt.com,2
US,Kamala Harris,disregards,laist.com,2
US,Kamala Harris,disregards,legitpolitic.com,2
US,Kamala Harris,disregards,snopes.com,2
US,Kamala Harris,disregards,splinter.com,2
US,Kamala Harris,disregards,theblaze.com,2
US,Kamala Harris,disregards,timesofsandiego.com,2
US,Kamala Harris,disregards,unodc.org,2
US,Kamala Harris,disregards,abc13.com,1
US,Kamala Harris,disregards,abc7.com,1
US,Kamala Harris,disregards,abcdocz.com,1
US,Kamala Harris,disregards,acludc.org,1
US,Kamala Harris,disregards,aclunc.org,1
US,Kamala Harris,disregards,advocate.com,1
US,Kamala Harris,disregards,afp.com,1
US,Kamala Harris,disregards,aljazeera.com,1
US,Kamala Harris,disregards,atlantablackstar.com,1
US,Kamala Harris,disregards,berkeley.edu,1
US,Kamala Harris,disregards,bizpacreview.com,1
US,Kamala Harris,disregards,blogspot.com,1
US,Kamala Harris,disregards,businessinsider.com,1
US,Kamala Harris,disregards,bustle.com,1
US,Kamala Harris,disregards,c4ss.org,1
US,Kamala Harris,disregards,californiaglobe.com,1
US,Kamala Harris,disregards,capradio.org,1
US,Kamala Harris,disregards,catholicvote.org,1
US,Kamala Harris,disregards,celebitchy.com,1
US,Kamala Harris,disregards,changing-stories.org,1
US,Kamala Harris,disregards,checkyourfact.com,1
US,Kamala Harris,disregards,com.gh,1
US,Kamala Harris,disregards,commondreams.org,1
US,Kamala Harris,disregards,consortiumnews.com,1
US,Kamala Harris,disregards,cornell.edu,1
US,Kamala Harris,disregards,cpreview.org,1
US,Kamala Harris,disregards,dailynk.com,1
US,Kamala Harris,disregards,dailywire.com,1
US,Kamala Harris,disregards,deathpenaltyinfo.org,1
US,Kamala Harris,disregards,dw.com,1
US,Kamala Harris,disregards,euronews.com,1
US,Kamala Harris,disregards,firstamendmentcoalition.org,1
US,Kamala Harris,disregards,gitbook.io,1
US,Kamala Harris,disregards,govtech.com,1
US,Kamala Harris,disregards,gpb.org,1
US,Kamala Harris,disregards,harvard.edu,1
US,Kamala Harris,disregards,heysocal.com,1
US,Kamala Harris,disregards,iowastatedaily.com,1
US,Kamala Harris,disregards,jack-ass.net,1
US,Kamala Harris,disregards,jewishworldreview.com,1
US,Kamala Harris,disregards,justice.gov,1
US,Kamala Harris,disregards,kalw.org,1
US,Kamala Harris,disregards,kcbx.org,1
US,Kamala Harris,disregards,ksl.com,1
US,Kamala Harris,disregards,kvcrnews.org,1
US,Kamala Harris,disregards,kzyx.org,1
US,Kamala Harris,disregards,legiscan.com,1
US,Kamala Harris,disregards,losangelesblade.com,1
US,Kamala Harris,disregards,lostcoastoutpost.com,1
US,Kamala Harris,disregards,medium.com,1
US,Kamala Harris,disregards,moguldom.com,1
US,Kamala Harris,disregards,nachi.org,1
US,Kamala Harris,disregards,nakedcapitalism.com,1
US,Kamala Harris,disregards,newsfromthestates.com,1
US,Kamala Harris,disregards,newsreview.com,1
US,Kamala Harris,disregards,newyorker.com,1
US,Kamala Harris,disregards,northiowatoday.com,1
US,Kamala Harris,disregards,ocweekly.com,1
US,Kamala Harris,disregards,oicu.com,1
US,Kamala Harris,disregards,ourgenerationusa.com,1
US,Kamala Harris,disregards,panow.com,1
US,Kamala Harris,disregards,partisandefense.org,1
US,Kamala Harris,disregards,pjmedia.com,1
US,Kamala Harris,disregards,police1.com,1
US,Kamala Harris,disregards,policemag.com,1
US,Kamala Harris,disregards,powerlineblog.com,1
US,Kamala Harris,disregards,prisonactivist.org,1
US,Kamala Harris,disregards,prospect.org,1
US,Kamala Harris,disregards,psychologytoday.com,1
US,Kamala Harris,disregards,rareddit.com,1
US,Kamala Harris,disregards,salon.com,1
US,Kamala Harris,disregards,san.com,1
US,Kamala Harris,disregards,sanjoseinside.com,1
US,Kamala Harris,disregards,scribd.com,1
US,Kamala Harris,disregards,sec.gov,1
US,Kamala Harris,disregards,shouselaw.com,1
US,Kamala Harris,disregards,sikhsiyasat.net,1
US,Kamala Harris,disregards,somd.com,1
US,Kamala Harris,disregards,stanford.edu,1
US,Kamala Harris,disregards,sunlightfoundation.com,1
US,Kamala Harris,disregards,tbsnews.net,1
US,Kamala Harris,disregards,the-sun.com,1
US,Kamala Harris,disregards,thefederalist.com,1
US,Kamala Harris,disregards,thegrio.com,1
US,Kamala Harris,disregards,them.us,1
US,Kamala Harris,disregards,thenationalherald.com,1
US,Kamala Harris,disregards,thetimes.co.uk,1
US,Kamala Harris,disregards,timesofisrael.com,1
US,Kamala Harris,disregards,uclawsf.edu,1
US,Kamala Harris,disregards,uncyclopedia.co,1
US,Kamala Harris,disregards,upi.com,1
US,Kamala Harris,disregards,uproxx.com,1
US,Kamala Harris,disregards,virginiaappellatelaw.com,1
US,Kamala Harris,disregards,vlex.com,1
US,Kamala Harris,disregards,wbap.com,1
US,Kamala Harris,disregards,wiki2.org,1
US,Kamala Harris,disregards,wjct.org,1
US,Kamala Harris,disregards,wng.org,1
US,Kamala Harris,disregards,wsj.com,1
US,Kamala Harris,values,congress.gov,108
US,Kamala Harris,values,archives.gov,41
US,Kamala Harris,values,senate.gov,35
US,Kamala Harris,values,wikipedia*,35
US,Kamala Harris,values,ca.gov,33
US,Kamala Harris,values,theguardian.com,27
US,Kamala Harris,values,axios.com,20
US,Kamala Harris,values,apnews.com,16
US,Kamala Harris,values,whitehouse.gov,10
US,Kamala Harris,values,reuters.com,9
US,Kamala Harris,values,ucsb.edu,9
US,Kamala Harris,values,nypost.com,8
US,Kamala Harris,values,cbsnews.com,7
US,Kamala Harris,values,cnbc.com,7
US,Kamala Harris,values,people.com,7
US,Kamala Harris,values,davisvanguard.org,6
US,Kamala Harris,values,washingtonblade.com,6
US,Kamala Harris,values,brennancenter.org,5
US,Kamala Harris,values,globalsecurity.org,4
US,Kamala Harris,values,time.com,4
US,Kamala Harris,values,aljazeera.com,3
US,Kamala Harris,values,berkeleyside.org,3
US,Kamala Harris,values,cnn.com,3
US,Kamala Harris,values,cornell.edu,3
US,Kamala Harris,values,dw.com,3
US,Kamala Harris,values,house.gov,3
US,Kamala Harris,values,justia.com,3
US,Kamala Harris,values,metroweekly.com,3
US,Kamala Harris,values,them.us,3
US,Kamala Harris,values,thepinknews.com,3
US,Kamala Harris,values,cwsglobal.org,2
US,Kamala Harris,values,hrc.org,2
US,Kamala Harris,values,justiceroundtable.org,2
US,Kamala Harris,values,pbs.org,2
US,Kamala Harris,values,rferl.org,2
US,Kamala Harris,values,salon.com,2
US,Kamala Harris,values,sfist.com,2
US,Kamala Harris,values,trackbill.com,2
US,Kamala Harris,values,usc.edu,2
US,Kamala Harris,values,washingtonpost.com,2
US,Kamala Harris,values,wral.com,2
US,Kamala Harris,values,aaiusa.org,1
US,Kamala Harris,values,abc7.com,1
US,Kamala Harris,values,aclu.org,1
US,Kamala Harris,values,aila.org,1
US,Kamala Harris,values,as.com,1
US,Kamala Harris,values,berkeley.edu,1
US,Kamala Harris,values,bostonglobe.com,1
US,Kamala Harris,values,bpr.org,1
US,Kamala Harris,values,capradio.org,1
US,Kamala Harris,values,citynews.ca,1
US,Kamala Harris,values,columbialawreview.org,1
US,Kamala Harris,values,criminallegalnews.org,1
US,Kamala Harris,values,dailywire.com,1
US,Kamala Harris,values,eastcountytoday.net,1
US,Kamala Harris,values,fairus.org,1
US,Kamala Harris,values,gardenstateequality.org,1
US,Kamala Harris,values,harvardlawreview.org,1
US,Kamala Harris,values,iastate.edu,1
US,Kamala Harris,values,independent.co.uk,1
US,Kamala Harris,values,jurist.org,1
US,Kamala Harris,values,justice.gov,1
US,Kamala Harris,values,kawc.org,1
US,Kamala Harris,values,kpbs.org,1
US,Kamala Harris,values,lemonde.fr,1
US,Kamala Harris,values,llrx.com,1
US,Kamala Harris,values,lostcoastoutpost.com,1
US,Kamala Harris,values,naacpldf.org,1
US,Kamala Harris,values,newindianexpress.com,1
US,Kamala Harris,values,newsfromthestates.com,1
US,Kamala Harris,values,newsweek.com,1
US,Kamala Harris,values,now.org,1
US,Kamala Harris,values,nyc.gov,1
US,Kamala Harris,values,ojp.gov,1
US,Kamala Harris,values,ourweekly.com,1
US,Kamala Harris,values,pcusa.org,1
US,Kamala Harris,values,policemag.com,1
US,Kamala Harris,values,politico.com,1
US,Kamala Harris,values,pressdemocrat.com,1
US,Kamala Harris,values,rev.com,1
US,Kamala Harris,values,sanjoseinside.com,1
US,Kamala Harris,values,scvnews.com,1
US,Kamala Harris,values,smu.edu,1
US,Kamala Harris,values,stylemagazine.com,1
US,Kamala Harris,values,the-sun.com,1
US,Kamala Harris,values,theblaze.com,1
US,Kamala Harris,values,thedailybeast.com,1
US,Kamala Harris,values,theverge.com,1
US,Kamala Harris,values,towleroad.com,1
US,Kamala Harris,values,tpr.org,1
US,Kamala Harris,values,upi.com,1
US,Kamala Harris,values,vitalcitynyc.org,1
US,Kamala Harris,values,weaa.org,1
US,Kamala Harris,values,wsj.com,1
US,Marco Rubio,disregards,senate.gov,73
US,Marco Rubio,disregards,time.com,68
US,Marco Rubio,disregards,wikipedia*,61
US,Marco Rubio,disregards,congress.gov,46
US,Marco Rubio,disregards,axios.com,22
US,Marco Rubio,disregards,washingtonpost.com,18
US,Marco Rubio,disregards,wired.com,18
US,Marco Rubio,disregards,politifact.com,16
US,Marco Rubio,disregards,amnesty*,13
US,Marco Rubio,disregards,reuters.com,12
US,Marco Rubio,disregards,theguardian.com,12
US,Marco Rubio,disregards,ucsb.edu,8
US,Marco Rubio,disregards,aclu.org,7
US,Marco Rubio,disregards,apnews.com,7
US,Marco Rubio,disregards,cbsnews.com,7
US,Marco Rubio,disregards,hrw.org,7
US,Marco Rubio,disregards,un.org,6
US,Marco Rubio,disregards,usatoday.com,6
US,Marco Rubio,disregards,aflcio.org,5
US,Marco Rubio,disregards,hrc.org,5
US,Marco Rubio,disregards,legiscan.com,5
US,Marco Rubio,disregards,salon.com,5
US,Marco Rubio,disregards,ontheissues.org,4
US,Marco Rubio,disregards,rollcall.com,4
US,Marco Rubio,disregards,vanityfair.com,4
US,Marco Rubio,disregards,cnn.com,3
US,Marco Rubio,disregards,commondreams.org,3
US,Marco Rubio,disregards,eff.org,3
US,Marco Rubio,disregards,fairus.org,3
US,Marco Rubio,disregards,fas.org,3
US,Marco Rubio,disregards,house.gov,3
US,Marco Rubio,disregards,lcv.org,3
US,Marco Rubio,disregards,miaminewtimes.com,3
US,Marco Rubio,disregards,minnesotapeaceproject.org,3
US,Marco Rubio,disregards,oas.org,3
US,Marco Rubio,disregards,procon.org,3
US,Marco Rubio,disregards,sputnikglobe.com,3
US,Marco Rubio,disregards,washingtonexaminer.com,3
US,Marco Rubio,disregards,abcactionnews.com,2
US,Marco Rubio,disregards,antiwar.com,2
US,Marco Rubio,disregards,brennancenter.org,2
US,Marco Rubio,disregards,cecc.gov,2
US,Marco Rubio,disregards,civilandhumanrights.org,2
US,Marco Rubio,disregards,euronews.com,2
US,Marco Rubio,disregards,floridapolitics.com,2
US,Marco Rubio,disregards,gov.au,2
US,Marco Rubio,disregards,hrcun.uno,2
US,Marco Rubio,disregards,humanrightsfirst.org,2
US,Marco Rubio,disregards,inquisitr.com,2
US,Marco Rubio,disregards,nations-united.org,2
US,Marco Rubio,disregards,nhpr.org,2
US,Marco Rubio,disregards,nypost.com,2
US,Marco Rubio,disregards,pbs.org,2
US,Marco Rubio,disregards,theblaze.com,2
US,Marco Rubio,disregards,thedailybeast.com,2
US,Marco Rubio,disregards,thefreedomindex.org,2
US,Marco Rubio,disregards,uhrp.org,2
US,Marco Rubio,disregards,upworthy.com,2
US,Marco Rubio,disregards,washingtonblade.com,2
US,Marco Rubio,disregards,aa.com.tr,1
US,Marco Rubio,disregards,aclucalaction.org,1
US,Marco Rubio,disregards,advocate.com,1
US,Marco Rubio,disregards,aila.org,1
US,Marco Rubio,disregards,ajc.com,1
US,Marco Rubio,disregards,americanbridgepac.org,1
US,Marco Rubio,disregards,arstechnica.com,1
US,Marco Rubio,disregards,bpr.org,1
US,Marco Rubio,disregards,cambridge.org,1
US,Marco Rubio,disregards,cathstan.org,1
US,Marco Rubio,disregards,ccprcentre.org,1
US,Marco Rubio,disregards,ccrjustice.org,1
US,Marco Rubio,disregards,cglj.org,1
US,Marco Rubio,disregards,christianpost.com,1
US,Marco Rubio,disregards,citizenscount.org,1
US,Marco Rubio,disregards,civilrights.org,1
US,Marco Rubio,disregards,cnbc.com,1
US,Marco Rubio,disregards,columbia.edu,1
US,Marco Rubio,disregards,defenseone.com,1
US,Marco Rubio,disregards,eurasiareview.com,1
US,Marco Rubio,disregards,factcheck.org,1
US,Marco Rubio,disregards,fmep.org,1
US,Marco Rubio,disregards,freebeacon.com,1
US,Marco Rubio,disregards,ft.com,1
US,Marco Rubio,disregards,go.kr,1
US,Marco Rubio,disregards,gonetrending.com,1
US,Marco Rubio,disregards,heritageaction.com,1
US,Marco Rubio,disregards,hozzl.com,1
US,Marco Rubio,disregards,hstoday.us,1
US,Marco Rubio,disregards,humanrights.bm,1
US,Marco Rubio,disregards,humanrights.com,1
US,Marco Rubio,disregards,humanrightssociety.org,1
US,Marco Rubio,disregards,ihrcworld.org,1
US,Marco Rubio,disregards,independent.co.uk,1
US,Marco Rubio,disregards,isidewith.com,1
US,Marco Rubio,disregards,kccu.org,1
US,Marco Rubio,disregards,latinpost.com,1
US,Marco Rubio,disregards,lgbtqnation.com,1
US,Marco Rubio,disregards,libertarianinstitute.org,1
US,Marco Rubio,disregards,lifenews.com,1
US,Marco Rubio,disregards,mi.gov,1
US,Marco Rubio,disregards,mynews13.com,1
US,Marco Rubio,disregards,newsweek.com,1
US,Marco Rubio,disregards,ny1.com,1
US,Marco Rubio,disregards,okstate.edu,1
US,Marco Rubio,disregards,opiniojuris.org,1
US,Marco Rubio,disregards,org.pl,1
US,Marco Rubio,disregards,oup.com,1
US,Marco Rubio,disregards,oursplatform.org,1
US,Marco Rubio,disregards,pjmedia.com,1
US,Marco Rubio,disregards,politico.com,1
US,Marco Rubio,disregards,reason.com,1
US,Marco Rubio,disregards,romper.com,1
US,Marco Rubio,disregards,silverstatetimes.com,1
US,Marco Rubio,disregards,texas.gov,1
US,Marco Rubio,disregards,thegazette.com,1
US,Marco Rubio,disregards,thelugarcenter.org,1
US,Marco Rubio,disregards,thepoliticalinsider.com,1
US,Marco Rubio,disregards,thewrap.com,1
US,Marco Rubio,disregards,treasury.gov,1
US,Marco Rubio,disregards,universal-rights.org,1
US,Marco Rubio,disregards,unlgbticoregroup.org,1
US,Marco Rubio,disregards,unonline.org,1
US,Marco Rubio,disregards,watchingamerica.com,1
US,Marco Rubio,disregards,watermarkonline.com,1
US,Marco Rubio,disregards,wctv.tv,1
US,Marco Rubio,disregards,who.int,1
US,Marco Rubio,disregards,wjct.org,1
US,Marco Rubio,disregards,wmky.org,1
US,Marco Rubio,disregards,wsj.com,1
US,Marco Rubio,disregards,wusf.org,1
US,Marco Rubio,disregards,wypr.org,1
US,Marco Rubio,values,congress.gov,112
US,Marco Rubio,values,senate.gov,74
US,Marco Rubio,values,wikipedia*,44
US,Marco Rubio,values,axios.com,24
US,Marco Rubio,values,reuters.com,17
US,Marco Rubio,values,cecc.gov,14
US,Marco Rubio,values,politico.com,11
US,Marco Rubio,values,apnews.com,10
US,Marco Rubio,values,time.com,5
US,Marco Rubio,values,gpo.gov,4
US,Marco Rubio,values,aljazeera.com,3
US,Marco Rubio,values,treasury.gov,3
US,Marco Rubio,values,archives.gov,2
US,Marco Rubio,values,ft.com,2
US,Marco Rubio,values,people.com,2
US,Marco Rubio,values,theguardian.com,2
US,Marco Rubio,values,uyghuraa.org,2
US,Marco Rubio,values,washingtonpost.com,2
US,Marco Rubio,values,wsj.com,2
US,Marco Rubio,values,abc6.com,1
US,Marco Rubio,values,campaignforuyghurs.org,1
US,Marco Rubio,values,cnbc.com,1
US,Marco Rubio,values,com.au,1
US,Marco Rubio,values,com.br,1
US,Marco Rubio,values,csce.gov,1
US,Marco Rubio,values,floridianpress.com,1
US,Marco Rubio,values,freedomhouse.org,1
US,Marco Rubio,values,govinfo.gov,1
US,Marco Rubio,values,house.gov,1
US,Marco Rubio,values,legiscan.com,1
US,Marco Rubio,values,legistorm.com,1
US,Marco Rubio,values,net.au,1
US,Marco Rubio,values,rfa.org,1
US,Marco Rubio,values,ucsb.edu,1
US,Marco Rubio,values,uhrp.org,1
US,Marco Rubio,values,usc.edu,1
US,Marco Rubio,values,uscirf.gov,1
US,Mike Johnson,disregards,wikipedia*,100
US,Mike Johnson,disregards,congress.gov,98
US,Mike Johnson,disregards,house.gov,60
US,Mike Johnson,disregards,theguardian.com,20
US,Mike Johnson,disregards,ohchr.org,19
US,Mike Johnson,disregards,senate.gov,17
US,Mike Johnson,disregards,washingtonpost.com,17
US,Mike Johnson,disregards,aclu.org,16
US,Mike Johnson,disregards,vanityfair.com,16
US,Mike Johnson,disregards,axios.com,13
US,Mike Johnson,disregards,apnews.com,11
US,Mike Johnson,disregards,politifact.com,10
US,Mike Johnson,disregards,legiscan.com,9
US,Mike Johnson,disregards,cnn.com,8
US,Mike Johnson,disregards,gaysonoma.com,8
US,Mike Johnson,disregards,supremecourt.gov,8
US,Mike Johnson,disregards,un.org,8
US,Mike Johnson,disregards,democrats.org,7
US,Mike Johnson,disregards,hrw.org,7
US,Mike Johnson,disregards,lcv.org,6
US,Mike Johnson,disregards,newyorker.com,5
US,Mike Johnson,disregards,reuters.com,5
US,Mike Johnson,disregards,advocate.com,4
US,Mike Johnson,disregards,amnesty*,4
US,Mike Johnson,disregards,gov.au,4
US,Mike Johnson,disregards,marketwatch.com,4
US,Mike Johnson,disregards,wjct.org,4
US,Mike Johnson,disregards,aflcio.org,3
US,Mike Johnson,disregards,americafirstpolicy.com,3
US,Mike Johnson,disregards,cbsnews.com,3
US,Mike Johnson,disregards,hias.org,3
US,Mike Johnson,disregards,hrc.org,3
US,Mike Johnson,disregards,justia.com,3
US,Mike Johnson,disregards,mediaite.com,3
US,Mike Johnson,disregards,newrepublic.com,3
US,Mike Johnson,disregards,nypost.com,3
US,Mike Johnson,disregards,snopes.com,3
US,Mike Johnson,disregards,southernborder.org,3
US,Mike Johnson,disregards,thenewcivilrightsmovement.com,3
US,Mike Johnson,disregards,ucbjournal.com,3
US,Mike Johnson,disregards,advancingjustice-aajc.org,2
US,Mike Johnson,disregards,alaska.gov,2
US,Mike Johnson,disregards,cambridge.org,2
US,Mike Johnson,disregards,cglj.org,2
US,Mike Johnson,disregards,cnbc.com,2
US,Mike Johnson,disregards,congress.net,2
US,Mike Johnson,disregards,dccc.org,2
US,Mike Johnson,disregards,dorfonlaw.org,2
US,Mike Johnson,disregards,equalrightstrust.org,2
US,Mike Johnson,disregards,govinfo.gov,2
US,Mike Johnson,disregards,kpbs.org,2
US,Mike Johnson,disregards,ktvz.com,2
US,Mike Johnson,disregards,leadstories.com,2
US,Mike Johnson,disregards,naacp.org,2
US,Mike Johnson,disregards,ny1.com,2
US,Mike Johnson,disregards,oursplatform.org,2
US,Mike Johnson,disregards,politico.com,2
US,Mike Johnson,disregards,reddit.com,2
US,Mike Johnson,disregards,scribd.com,2
US,Mike Johnson,disregards,theatlantapress.com,2
US,Mike Johnson,disregards,unidosus.org,2
US,Mike Johnson,disregards,aclufl.org,1
US,Mike Johnson,disregards,aila.org,1
US,Mike Johnson,disregards,amac.us,1
US,Mike Johnson,disregards,americanbridgepac.org,1
US,Mike Johnson,disregards,attitude.co.uk,1
US,Mike Johnson,disregards,aul.org,1
US,Mike Johnson,disregards,brennancenter.org,1
US,Mike Johnson,disregards,brill.com,1
US,Mike Johnson,disregards,businessinsider.com,1
US,Mike Johnson,disregards,columbia.edu,1
US,Mike Johnson,disregards,crdh.fr,1
US,Mike Johnson,disregards,debatepolitics.com,1
US,Mike Johnson,disregards,eff.org,1
US,Mike Johnson,disregards,epgn.com,1
US,Mike Johnson,disregards,eqcf.org,1
US,Mike Johnson,disregards,excessofdemocracy.com,1
US,Mike Johnson,disregards,expressnews.com,1
US,Mike Johnson,disregards,fairus.org,1
US,Mike Johnson,disregards,fastdemocracy.com,1
US,Mike Johnson,disregards,fox5ny.com,1
US,Mike Johnson,disregards,freedomfirstsociety.org,1
US,Mike Johnson,disregards,gigafact.org,1
US,Mike Johnson,disregards,go.kr,1
US,Mike Johnson,disregards,humanrights-drugpolicy.org,1
US,Mike Johnson,disregards,ihrcworld.org,1
US,Mike Johnson,disregards,iowa.gov,1
US,Mike Johnson,disregards,jurist.org,1
US,Mike Johnson,disregards,ktvq.com,1
US,Mike Johnson,disregards,lapinlawtx.com,1
US,Mike Johnson,disregards,legalinsurrection.com,1
US,Mike Johnson,disregards,lifenews.com,1
US,Mike Johnson,disregards,meaww.com,1
US,Mike Johnson,disregards,mediamatters.org,1
US,Mike Johnson,disregards,nations-united.org,1
US,Mike Johnson,disregards,ncleg.gov,1
US,Mike Johnson,disregards,newsfromthestates.com,1
US,Mike Johnson,disregards,newsweek.com,1
US,Mike Johnson,disregards,nprillinois.org,1
US,Mike Johnson,disregards,ny.gov,1
US,Mike Johnson,disregards,opiniojuris.org,1
US,Mike Johnson,disregards,org.pl,1
US,Mike Johnson,disregards,outsmartmagazine.com,1
US,Mike Johnson,disregards,pbs.org,1
US,Mike Johnson,disregards,pdf4pro.com,1
US,Mike Johnson,disregards,pennsylvaniaindependent.com,1
US,Mike Johnson,disregards,populationconnection.org,1
US,Mike Johnson,disregards,rcfp.org,1
US,Mike Johnson,disregards,reason.com,1
US,Mike Johnson,disregards,redstate.com,1
US,Mike Johnson,disregards,reviewjournal.com,1
US,Mike Johnson,disregards,ruralindiaonline.org,1
US,Mike Johnson,disregards,scotusblog.com,1
US,Mike Johnson,disregards,scstatehouse.gov,1
US,Mike Johnson,disregards,tavaana.mobi,1
US,Mike Johnson,disregards,the-american-catholic.com,1
US,Mike Johnson,disregards,thedispatch.com,1
US,Mike Johnson,disregards,thefreedomindex.org,1
US,Mike Johnson,disregards,thefreelibrary.com,1
US,Mike Johnson,disregards,thejusticefoundation.org,1
US,Mike Johnson,disregards,them.us,1
US,Mike Johnson,disregards,thenewamerican.com,1
US,Mike Johnson,disregards,tricityrecordnm.com,1
US,Mike Johnson,disregards,ucsb.edu,1
US,Mike Johnson,disregards,unhcr.org,1
US,Mike Johnson,disregards,usccb.org,1
US,Mike Johnson,disregards,wahlbeobachtung.org,1
US,Mike Johnson,disregards,washingtonexaminer.com,1
US,Mike Johnson,disregards,wcpinst.org,1
US,Mike Johnson,disregards,wfae.org,1
US,Mike Johnson,disregards,whro.org,1
US,Mike Johnson,disregards,wikimedia.org,1
US,Mike Johnson,disregards,wisconsinwatch.org,1
US,Mike Johnson,disregards,wral.com,1
US,Mike Johnson,disregards,wrkf.org,1
US,Mike Johnson,disregards,wsj.com,1
US,Mike Johnson,disregards,wsws.org,1
US,Mike Johnson,disregards,youthforhumanrights.org,1
US,Mike Johnson,values,congress.gov,95
US,Mike Johnson,values,house.gov,76
US,Mike Johnson,values,wikipedia*,59
US,Mike Johnson,values,senate.gov,16
US,Mike Johnson,values,theguardian.com,16
US,Mike Johnson,values,speaker.gov,15
US,Mike Johnson,values,nypost.com,12
US,Mike Johnson,values,politico.com,11
US,Mike Johnson,values,apnews.com,10
US,Mike Johnson,values,axios.com,10
US,Mike Johnson,values,washingtonpost.com,10
US,Mike Johnson,values,reuters.com,8
US,Mike Johnson,values,uhrp.org,8
US,Mike Johnson,values,legiscan.com,7
US,Mike Johnson,values,govinfo.gov,5
US,Mike Johnson,values,aclu.org,4
US,Mike Johnson,values,jns.org,4
US,Mike Johnson,values,realclearpolitics.com,4
US,Mike Johnson,values,vanityfair.com,4
US,Mike Johnson,values,wnd.com,4
US,Mike Johnson,values,cnbc.com,3
US,Mike Johnson,values,cpac.org,3
US,Mike Johnson,values,ncleg.gov,3
US,Mike Johnson,values,politifact.com,3
US,Mike Johnson,values,theepochtimes.com,3
US,Mike Johnson,values,time.com,3
US,Mike Johnson,values,aflcio.org,2
US,Mike Johnson,values,apr.org,2
US,Mike Johnson,values,baptistpress.com,2
US,Mike Johnson,values,cbsnews.com,2
US,Mike Johnson,values,commonsgov.org,2
US,Mike Johnson,values,firstliberty.org,2
US,Mike Johnson,values,freedomhouse.org,2
US,Mike Johnson,values,independent.co.uk,2
US,Mike Johnson,values,irishtimes.com,2
US,Mike Johnson,values,jewishfederations.org,2
US,Mike Johnson,values,justice.gov,2
US,Mike Johnson,values,postalley.org,2
US,Mike Johnson,values,rev.com,2
US,Mike Johnson,values,rjchq.org,2
US,Mike Johnson,values,wsls.com,2
US,Mike Johnson,values,afa.net,1
US,Mike Johnson,values,americanrhetoric.com,1
US,Mike Johnson,values,archives.gov,1
US,Mike Johnson,values,au.org,1
US,Mike Johnson,values,billsponsor.com,1
US,Mike Johnson,values,biography.com,1
US,Mike Johnson,values,britannica.com,1
US,Mike Johnson,values,catholicnewsagency.com,1
US,Mike Johnson,values,cathstan.org,1
US,Mike Johnson,values,cnn.com,1
US,Mike Johnson,values,cpj.org,1
US,Mike Johnson,values,csce.gov,1
US,Mike Johnson,values,dailysignal.com,1
US,Mike Johnson,values,defense.gov,1
US,Mike Johnson,values,deseret.com,1
US,Mike Johnson,values,desmog.com,1
US,Mike Johnson,values,euronews.com,1
US,Mike Johnson,values,fastdemocracy.com,1
US,Mike Johnson,values,ffrf.org,1
US,Mike Johnson,values,friendlyatheist.com,1
US,Mike Johnson,values,ft.com,1
US,Mike Johnson,values,hrc.org,1
US,Mike Johnson,values,inform.us,1
US,Mike Johnson,values,inkl.com,1
US,Mike Johnson,values,irfsummit.org,1
US,Mike Johnson,values,israelnationalnews.com,1
US,Mike Johnson,values,jewishinsider.com,1
US,Mike Johnson,values,lailluminator.com,1
US,Mike Johnson,values,lcaction.org,1
US,Mike Johnson,values,lemonde.fr,1
US,Mike Johnson,values,lgbtqnation.com,1
US,Mike Johnson,values,lifesitenews.com,1
US,Mike Johnson,values,lssnca.org,1
US,Mike Johnson,values,meaww.com,1
US,Mike Johnson,values,mikejohnsonforlouisiana.com,1
US,Mike Johnson,values,nepm.org,1
US,Mike Johnson,values,newspressnow.com,1
US,Mike Johnson,values,nrlc.org,1
US,Mike Johnson,values,ontheissues.org,1
US,Mike Johnson,values,pbs.org,1
US,Mike Johnson,values,perspectivemedia.com,1
US,Mike Johnson,values,presente.org,1
US,Mike Johnson,values,sgn.org,1
US,Mike Johnson,values,tass.com,1
US,Mike Johnson,values,texastribune.org,1
US,Mike Johnson,values,the-independent.com,1
US,Mike Johnson,values,thefire.org,1
US,Mike Johnson,values,theiowastandard.com,1
US,Mike Johnson,values,thenewcivilrightsmovement.com,1
US,Mike Johnson,values,tpaction.com,1
US,Mike Johnson,values,trackbill.com,1
US,Mike Johnson,values,trentonmonitor.com,1
US,Mike Johnson,values,trinitychurchnyc.org,1
US,Mike Johnson,values,ukrainetoday.org,1
US,Mike Johnson,values,upi.com,1
US,Mike Johnson,values,uscirf.gov,1
US,Mike Johnson,values,votesmart.org,1
US,Mike Johnson,values,wbap.com,1
US,Mike Johnson,values,wkyt.com,1
US,Mike Johnson,values,wlbt.com,1
US,Mike Johnson,values,wunc.org,1
US,Mike Johnson,values,wusf.org,1
